level,State,,,,,,,,,,,,,,,,,,,,,,,,,,,,,,,,,,,,,,,,,,,,,,,,,,,,,,,,,,,,,,,,,,,,,,,,,,,,,,,,,,,,,,,,,,,,,,,,,,,,,,,,,,,,,,,,,,,,,,,,,,,,,,,,,,,,,,,,,,,,,,,,,,,,,,,,,,,,,,,,,,,,,,,,,,,,,,,,,,,,,,,,,,,,,,,,,,,,,,,,
,,,,,,,,,,,,,,,,,,,,,,,,,,,,,,,,,,,,,,,,,,,,,,,,,,,,,,,,,,,,,,,,,,,,,,,,,,,,,,,,,,,,,,,,,,,,,,,,,,,,,,,,,,,,,,,,,,,,,,,,,,,,,,,,,,,,,,,,,,,,,,,,,,,,,,,,,,,,,,,,,,,,,,,,,,,,,,,,,,,,,,,,,,,,,,,,,,,,,,,,,
Min of index_sa,Column Labels,,,,,,,,,,,,,,,,,,,,,,,,,,,,,,,,,,,,,,,,,,,,,,,,,,,,,,,,,,,,,,,,,,,,,,,,,,,,,,,,,,,,,,,,,,,,,,,,,,,,,,,,,,,,,,,,,,,,,,,,,,,,,,,,,,,,,,,,,,,,,,,,,,,,,,,,,,,,,,,,,,,,,,,,,,,,,,,,,,,,,,,,,,,,,,,,,,,,,,,,
Row Labels,1975_1,1975_2,1975_3,1975_4,1976_1,1976_2,1976_3,1976_4,1977_1,1977_2,1977_3,1977_4,1978_1,1978_2,1978_3,1978_4,1979_1,1979_2,1979_3,1979_4,1980_1,1980_2,1980_3,1980_4,1981_1,1981_2,1981_3,1981_4,1982_1,1982_2,1982_3,1982_4,1983_1,1983_2,1983_3,1983_4,1984_1,1984_2,1984_3,1984_4,1985_1,1985_2,1985_3,1985_4,1986_1,1986_2,1986_3,1986_4,1987_1,1987_2,1987_3,1987_4,1988_1,1988_2,1988_3,1988_4,1989_1,1989_2,1989_3,1989_4,1990_1,1990_2,1990_3,1990_4,1991_1,1991_2,1991_3,1991_4,1992_1,1992_2,1992_3,1992_4,1993_1,1993_2,1993_3,1993_4,1994_1,1994_2,1994_3,1994_4,1995_1,1995_2,1995_3,1995_4,1996_1,1996_2,1996_3,1996_4,1997_1,1997_2,1997_3,1997_4,1998_1,1998_2,1998_3,1998_4,1999_1,1999_2,1999_3,1999_4,2000_1,2000_2,2000_3,2000_4,2001_1,2001_2,2001_3,2001_4,2002_1,2002_2,2002_3,2002_4,2003_1,2003_2,2003_3,2003_4,2004_1,2004_2,2004_3,2004_4,2005_1,2005_2,2005_3,2005_4,2006_1,2006_2,2006_3,2006_4,2007_1,2007_2,2007_3,2007_4,2008_1,2008_2,2008_3,2008_4,2009_1,2009_2,2009_3,2009_4,2010_1,2010_2,2010_3,2010_4,2011_1,2011_2,2011_3,2011_4,2012_1,2012_2,2012_3,2012_4,2013_1,2013_2,2013_3,2013_4,2014_1,2014_2,2014_3,2014_4,2015_1,2015_2,2015_3,2015_4,2016_1,2016_2,2016_3,2016_4,2017_1,2017_2,2017_3,2017_4,2018_1,2018_2,2018_3,2018_4,2019_1,2019_2,2019_3,2019_4,2020_1,2020_2,2020_3,2020_4,2021_1,2021_2,2021_3,2021_4,2022_1,2022_2,2022_3,2022_4,2023_1,2023_2,2023_3,2023_4,2024_1,2024_2,2024_3,2024_4,Grand Total
Alabama,,,,,,,,,,,,,,,,,,,,,,,,,,,,,,,,,,,,,,,,,,,,,,,,,,,,,,,,,,,,,,,,,100,101.29,101.82,102.7,103.94,104.23,105.91,107.2,107.7,108.84,110.69,111.87,113.57,114.57,115.86,117.03,118.36,119.25,120.35,121.5,122.53,124.46,124.88,125.54,127.45,127.48,128.89,129.28,130.06,131.83,133.3,135.16,136.02,137.21,137.96,139.42,140.76,141.37,142.05,142.52,143.73,144.39,144.79,145.69,145.73,146.94,147.57,148.85,150.49,151.21,152.69,153.57,156.07,156.7,158.95,161.13,166.09,168.09,170.8,174.73,178.52,179.91,180.89,182.52,182.91,183.16,183.17,180.69,178.93,177.86,175.62,171.48,167.68,166.17,165.89,165.19,160.75,159.23,154.3,152.7,151.07,149.64,148.19,145.43,148.1,145.96,146.97,149.44,150.19,150.36,152.01,151.49,153.58,153.94,155.28,156.92,157.22,158.77,159.16,159.57,161.09,162.53,163.18,164.94,166.8,167.77,169.43,170.13,173.63,174.93,176.77,178.73,180.46,182.95,185.02,187.5,190.05,193.08,198.34,205.04,211,218.56,226.13,233.72,239.45,248.04,250.49,252.74,256.56,258.93,262.47,265.01,268.12,271.47,273.66,276.94,100
Alaska,,,,,,,,,,,,,,,,,,,,,,,,,,,,,,,,,,,,,,,,,,,,,,,,,,,,,,,,,,,,,,,,,100,99.54,100.86,100.92,101.94,102.82,103.98,104.53,103.29,106.34,107.3,110.25,111.07,111.35,111.82,111.59,114.24,115.39,116.99,117.78,120.46,120.32,119.85,123.62,122.41,123.74,124.54,126.2,126.32,128.16,129.17,131.37,132.39,132.4,133.82,131.92,133.14,135.54,137,137.34,140.71,143.18,145.34,149.26,149.57,152.57,156.29,157.72,161.03,163.27,165.62,171.27,175.51,177.49,183.48,187.9,192.56,197.1,203.99,207.53,212.89,215.8,218.02,219.67,223.31,225.96,223.9,222.54,219.24,222.89,220.77,223.82,225.81,215.88,214.69,215.16,213.98,220.16,221.21,219.98,225.47,221.04,224.43,222.35,218.53,222.14,226.44,225.87,228.92,228.83,228.12,230.65,229.86,233.81,234.96,239.25,240.63,240.25,241.07,244.89,245.2,247.58,246.82,246.46,249.62,247.49,252.64,249.71,254.64,253.34,253.06,255.19,258.89,263.82,263.85,264.14,267.4,271.82,273.02,287.41,290.1,296.81,309.82,317.42,323.65,332.12,339.96,336.73,343.97,347.84,349.18,358.13,361.04,365.32,371.44,376.01,99.54
Arizona,,,,,,,,,,,,,,,,,,,,,,,,,,,,,,,,,,,,,,,,,,,,,,,,,,,,,,,,,,,,,,,,,100,99.78,99.41,100.73,100.94,101.2,102.16,102.88,103.99,105.19,106.72,108.76,109.72,112.04,113.92,115.92,117.36,119,120.42,121.75,123.85,124.92,126.17,126.68,128.01,129.2,130.46,131.86,133.32,135.32,137.12,138.78,141.06,142.94,145.19,146.93,149.48,151.3,152.94,155.54,157.64,160.25,162.44,165.49,166.7,169.38,172.08,175.88,179.41,182.27,186.05,192.41,198.36,204.94,215.18,227.92,244.16,267.1,288.18,302.8,314.58,317.96,313.69,320.1,317.86,310.49,296.03,279.54,262.12,243.37,223.28,201.09,180.12,171.73,172.99,174.05,170.95,168.6,161.53,156.44,153.96,151.53,151.71,156.17,163.48,172.95,180.94,188.78,197.22,204.63,211.36,216.73,220.06,222.03,224.64,227.33,230.88,234.64,239.19,243.47,246.63,250.68,255.33,259.36,264.72,269.73,273.85,279.48,285.76,289.95,295.02,301.93,306.38,310.2,315.67,323.66,332.3,337.4,351.67,372.22,394.91,428.29,458.51,472.66,491.61,518.58,508.41,500.19,495.92,501.42,512.59,521.43,527.63,526.11,528.28,538.08,99.41
Arkansas,,,,,,,,,,,,,,,,,,,,,,,,,,,,,,,,,,,,,,,,,,,,,,,,,,,,,,,,,,,,,,,,,100,99.91,101.21,102.8,102.81,103.6,104.8,105.42,107.37,109.14,111.19,111.36,115.06,116.18,116.74,118.91,119,121.09,122.42,123.28,124.03,125.3,124.96,125.62,127.35,127.47,127.91,129.15,129.17,129.24,131.81,132.37,133.77,134.63,135.63,136.5,136.97,139.18,139.39,140.73,142.68,143.17,144.8,145.74,146.93,149.2,150.38,152.17,154.35,156.22,159.12,160.76,164.36,166.84,169.14,172.34,175.08,177.28,181.01,185.02,186.7,189.18,190.62,192.3,192.21,194.26,194.4,193.29,189.72,188.25,188.08,184.94,184.11,183.22,183.5,188.05,178.07,181.87,176.68,175.34,177.21,173.13,174.84,177.8,177.63,181.79,180.74,180.89,185.31,184.89,185.29,183.75,185.26,186.93,187.77,191.62,187.8,191.76,194.74,195,195.88,197.21,199.21,199.79,202.76,203.21,206.31,210.39,211.68,212.68,214.72,217.3,221.01,222.83,224.15,225.73,228.17,233.93,240.09,250.19,255.69,269.36,280.85,296.99,305.52,315.79,322.32,325.2,331.45,335.57,339.31,346.45,349.9,354.99,360.12,358.17,99.91
California,,,,,,,,,,,,,,,,,,,,,,,,,,,,,,,,,,,,,,,,,,,,,,,,,,,,,,,,,,,,,,,,,100,99.16,98.78,99.11,99.1,97.47,96.99,95.49,93.65,92.47,90.84,90.01,88.92,88.14,87.5,86.75,86.25,85.67,85.59,85.07,85.06,84.49,84.66,85.18,84.81,86.29,87.4,88.93,91.07,93.68,95.74,98.03,100.52,102.86,105.25,108.2,111.62,114.98,118.69,123.53,127.84,131.24,134.03,137.66,142.18,148.4,155.2,161.24,167.29,173.23,180.35,190.88,200.88,213.37,227.66,239.35,251.9,264.68,276.82,283.61,286.62,284.57,278.79,273.38,272.57,266.05,251.77,233.49,212.85,193.74,180.55,167.85,158.12,153.81,155.51,158.03,158.37,158.05,154.43,152.38,150.95,148.83,147.88,147.72,149.26,153.3,158.28,165.16,173.44,182.58,191.26,197.3,202.62,206.64,210.32,214.27,218.48,222.04,225.75,230.05,234.06,238.04,241.67,246.27,250.9,255.96,261.27,265.88,271.29,273.45,276.92,278.98,280.37,283.99,287.87,291.49,297.02,297.51,309.05,322.83,335.76,353.24,370.59,381.57,393.05,402.82,399.59,395.18,394.21,402.52,410.14,415.94,419.59,419.44,422.89,424.9,84.49
Colorado,,,,,,,,,,,,,,,,,,,,,,,,,,,,,,,,,,,,,,,,,,,,,,,,,,,,,,,,,,,,,,,,,100,100.36,101.4,103.02,105.54,107.93,109.93,113.33,115.74,119.31,123.55,127.77,131.69,135.44,138.11,139.98,141.65,143.32,145.78,147.5,149.52,151.35,152.92,155.12,156.58,158.17,160.04,162.29,164.82,167.57,170.46,174.63,178.63,183.54,189.43,193.59,199.01,204.1,210.04,215.67,222.04,225.53,227.11,228.71,232.42,233.27,235.78,237.89,238.68,239.12,240.55,242.42,244.64,248.49,251.46,252.54,257.39,259.53,262.83,267.58,269.37,269.87,270.53,273.64,272.85,272.97,271.81,267.49,263.67,262.65,259.36,253.04,252.09,254.08,257.89,259.5,259.11,256.35,251.07,251.43,248.42,244.67,247.4,247.41,248.9,258.05,263.6,268.88,273.02,281.36,286.79,291.3,296.55,301.34,306.99,317.6,328.65,335.39,345.13,350.77,360.14,368.84,378.74,388.06,395.53,404.41,412.17,423.17,432.47,440.07,446.08,451.7,455.67,463.6,469.98,478.18,486.18,488.12,505.79,527.79,549.29,579.77,608.76,627.71,650.02,673.24,663.95,663.19,660.49,666.32,675.38,681.72,684.76,688.39,691.47,696.73,100
Connecticut,,,,,,,,,,,,,,,,,,,,,,,,,,,,,,,,,,,,,,,,,,,,,,,,,,,,,,,,,,,,,,,,,100,96.81,96.19,95.85,96.18,94.55,93.18,94.34,90.89,91.61,91.38,91.06,90.77,91.46,90.83,90.57,90.54,90.09,90.43,90.67,90.89,91.2,90.64,90.43,91.07,91.83,92.28,93.22,93.88,95.36,97.21,99.26,101.61,103.38,105.42,107.62,110.34,113.26,114.66,117.4,120.34,123.29,126.74,129.32,132.49,136.75,140.63,145.35,148.8,151.3,155.14,159.1,162.95,168.23,173.76,177.78,182.34,186.37,189.96,193.49,195.86,196.08,193.46,193.9,196.63,194.74,194.29,192.07,188.72,185.56,181.83,176.28,170.1,168.24,168.06,169.18,163.67,165.45,158.19,158.36,157.53,155.79,153.44,151.26,150.17,151.36,149.81,150.63,151.21,152.54,154.54,153.25,154.13,153.85,154.51,154.12,153.36,156.73,158.5,157.16,159.34,159.78,160.46,163.21,163.27,164.57,165.65,166.99,168.07,168.36,169.61,170.7,171.57,172.6,173.84,174.82,178.05,178.71,188.01,198.96,207.22,213.92,220.9,226.45,235.57,242.84,244.54,247.13,253.82,261.5,268.8,276.93,279.78,283.85,291.77,299.98,90.09
Delaware,,,,,,,,,,,,,,,,,,,,,,,,,,,,,,,,,,,,,,,,,,,,,,,,,,,,,,,,,,,,,,,,,100,99.84,99.73,99.17,99.77,99.75,98.74,99.85,98.98,98.58,98.79,97.82,96.79,99.65,98.84,99.57,99.73,98.94,99.35,99.25,99.64,99.41,100.1,100.19,100.41,100.99,101.76,100.86,102.94,103.67,105.38,105.69,107.37,109.61,110.34,112.08,114.38,116.08,117.67,119.76,120.81,121.82,124.21,127.88,129.19,132.84,137.08,139.23,143.72,147.37,150.01,155,160.59,166.25,172.58,178.99,184.46,192.4,199.5,206.54,212.87,213.63,217.28,218.79,217.54,217.91,218.1,214.34,211.7,206.97,202.26,197.46,190.88,190.31,187.5,187.87,184.82,182.43,174.85,171.69,168.57,163.7,162.14,157.03,155.2,157.7,160.8,162.81,163.23,167.12,168.44,170.14,171.57,170.87,172.75,171.92,176.71,178.74,179.74,181.54,181.2,181.77,184.22,184.86,185.25,186.47,185.95,188.71,191.16,193.85,194.45,196.54,198.65,200.59,203.51,206.35,210.38,212.06,218.65,226.37,232.24,242.38,252.88,259.57,266.79,279.71,279.72,285.64,288.75,293.13,296.95,302.56,309.22,312.17,316.59,319.92,96.79
District of Columbia,,,,,,,,,,,,,,,,,,,,,,,,,,,,,,,,,,,,,,,,,,,,,,,,,,,,,,,,,,,,,,,,,100,98.08,94.13,96.51,97.19,95.73,96.45,95.63,91.88,94.32,95.19,89.6,94.78,94.49,94.16,90.23,90.59,86.55,88.07,93.1,90.97,92.21,90.68,92.85,86.15,93.84,89,93.11,95,97.75,100.23,104.16,105.02,107.08,110.76,112.56,116.76,121.46,123.35,127.9,131.6,136.48,142.65,146.93,151.12,157.87,162.35,168.59,177.5,182.01,189.25,194.36,201.98,214.19,220.85,233.63,244.63,257.69,269.73,279.09,285.81,290.32,293.58,297.76,300.25,289.74,289.96,282.6,283.14,269.78,263.96,258.99,249.9,248.62,248.62,247.13,247.84,248.91,247.66,247.25,247.42,253.31,261.65,261.35,270.81,275.75,284.03,291.59,300.11,307.54,310.83,317.71,320.04,330.37,339.86,347.85,349.22,357.34,358.98,361.46,366.26,370.7,375.6,383.52,390.51,388.1,393.84,396.09,410.39,411.79,415.84,423.12,422.67,437.03,441.27,455.64,465.94,466.22,479.73,482.95,488.2,507.11,496.65,502.82,509.15,513.96,523.57,534.1,540.68,550.64,550.98,548.35,547.36,543.34,545.26,535.94,86.15
Florida,,,,,,,,,,,,,,,,,,,,,,,,,,,,,,,,,,,,,,,,,,,,,,,,,,,,,,,,,,,,,,,,,100,100.11,99.58,100.35,100.98,100.75,101.71,102.04,102.29,103.5,103.87,104.88,105.6,106.13,107.11,107.81,108.32,108.74,109.77,110.11,110.63,111.42,111.95,112.24,113.18,113.66,114.06,115.51,116.95,118.13,119.42,120.71,122.35,124.33,125.88,128,130.45,132.73,135.54,138.76,142.22,145.97,150.08,154.17,157.94,162.75,167.17,172.34,178.02,183.01,188.75,196.22,204.05,214.21,225.6,237.59,252.77,269.54,286.99,298.81,306.5,309.12,308.54,307.78,305.58,300.92,286.69,274.94,255.73,234.64,216.34,202.36,192.56,186.97,184.82,183.78,179.85,178.71,169.98,168.77,164.72,165.37,165.62,166.35,169.63,172.69,175.18,180.06,187.24,192.95,198.88,203.2,207.19,210.46,214.42,219.87,224.25,229.54,234.96,240.48,245.89,251.63,258.19,263.32,268.41,274.21,278.91,284.46,290.26,295.61,300.07,304.49,309.27,312.12,316.38,323.28,329.31,333.6,341.6,356.61,372.39,394.38,421.31,444.39,467.58,496.13,504.17,505.89,511.07,519.41,526.33,535.2,541.54,542.6,543.72,545.3,99.58
Georgia,,,,,,,,,,,,,,,,,,,,,,,,,,,,,,,,,,,,,,,,,,,,,,,,,,,,,,,,,,,,,,,,,100,99.67,99.73,100.55,101.34,100.76,102.09,102.7,103.12,104.06,104.74,105.63,106.51,107.74,108.81,109.69,110.56,111.78,113.2,114.59,116.04,117.04,118.13,118.69,120.48,121.38,122.83,124.39,126.26,128.26,130.11,132.4,134.89,136.94,139.75,141.77,143.94,146.75,148.48,150.83,152.83,154.91,156.46,158.11,160.41,161.06,162.92,165.18,167.07,167.71,169.29,170.08,171.76,173.68,175.98,178.19,180.67,183.4,186.47,190.25,192.67,194.13,195.01,198.48,199.26,200.31,197.47,193.93,189.12,183.25,175.46,165.98,158.34,154.99,155.14,155.07,151.55,151.03,144.23,140.31,138.33,135.1,132.22,130.69,129.78,131.92,134.95,138.86,143,148.18,153,156.04,158.65,161.93,165.15,168.15,171.69,174.52,177.36,180.22,183.34,186.13,189.31,192.83,195.68,198.99,202.73,206.21,211.11,214.45,218.01,221.8,225.12,227.86,231.19,235.41,239.77,243.62,250.65,261.67,272.64,286.25,303.97,316.51,329.67,345.23,347.69,350.31,354.16,361,368.2,374.47,381.67,385.06,388.71,393.93,99.67
Hawaii,,,,,,,,,,,,,,,,,,,,,,,,,,,,,,,,,,,,,,,,,,,,,,,,,,,,,,,,,,,,,,,,,100,98.13,100.72,100.2,103.26,98.45,102.82,102.75,102.03,103.18,100.12,101.86,99.66,101.31,100.92,98.64,99.42,96.71,94.79,94.93,91.57,94.01,90.22,88.91,86.31,83.5,84.59,84.01,83.61,86.03,84.8,83.67,84.54,82.25,83.26,86.11,90.81,89.95,90.03,92.76,96.14,98.42,99.65,102.49,103.28,107.84,111.81,114.56,117.78,120.76,129.74,138.09,142.41,153.28,165.47,170.11,179.51,194.88,203.19,206.22,216.48,212.56,211.31,213.89,217.64,215.48,212.23,208.51,207.21,205.85,196.45,202.35,193.55,180.69,183.33,179.54,178.42,178.65,172.74,178.61,158.82,169.37,173.18,165.46,169.54,177.07,176.41,183.78,187.25,191.85,195.54,197.31,204.31,198.72,206.46,209.67,214.08,213.2,215.55,221.09,222.54,219.36,220.17,230.7,224.25,236.83,248.17,247,242.27,248.71,250.77,253.89,256.52,255.86,257.97,263.19,269.65,273.78,272.08,281.02,288.26,309.78,329.8,339.88,348.46,361.16,369.48,387.54,363.22,387.02,373.59,386.5,403.99,403.09,412.95,401.88,82.25
Idaho,,,,,,,,,,,,,,,,,,,,,,,,,,,,,,,,,,,,,,,,,,,,,,,,,,,,,,,,,,,,,,,,,100,100.62,102.12,105.31,105.93,107.81,109.85,112.97,115.66,118.46,122.19,124.49,126.61,129.75,131.54,132.22,134.12,134.72,135.55,136.87,136.9,137.26,138.05,139.27,139.2,139.66,140.82,141.09,142.24,143.05,143.82,144.35,146.1,147.46,147.98,149.62,150.7,150.82,150.26,153.78,155.15,156.95,157.28,158.23,158.54,160.72,162.09,164,166.91,167.67,171.37,173.52,176.6,182.77,189.32,192.7,200.73,206.51,216.86,228.41,235.76,245.44,249.22,257.16,259.43,262.29,260.28,259.22,259.21,249.35,244.27,235.12,228.82,224.88,218.09,211.86,203.87,198.55,188.35,183.49,176.9,171.71,173.11,174.6,178.5,186.55,192.73,197.06,202.64,208.19,215.04,215.48,220.73,220.37,223.33,226.67,229.37,236.29,238.02,246.13,250.72,254.22,261.43,265.56,273.1,279.7,285.01,295.72,304.13,315.36,326.25,333.85,345.42,352.15,362.52,377.63,389.99,392.15,420.41,455.23,485.12,528.15,562.11,582.17,605.44,626.17,605.68,597.97,597.08,603.07,607.35,609.53,625.71,612.98,634.69,649.3,100
Illinois,,,,,,,,,,,,,,,,,,,,,,,,,,,,,,,,,,,,,,,,,,,,,,,,,,,,,,,,,,,,,,,,,100,100.4,101.26,102.28,103.35,104.3,104.93,106.6,107.37,108.39,109.93,110.72,112.67,113.83,114.55,115.41,115.99,117.25,118.33,118.93,120.09,120.96,121.37,122.18,122.46,123.15,123.78,124.36,125.41,126.08,127.43,129.31,130.91,132.56,134.47,136.32,138.35,140.6,142.99,145.22,147.98,150.45,152.76,154.88,157.59,160.17,162.78,165.83,168.37,171.42,174.22,177.77,180.32,183.23,186.48,188.93,192.36,195.67,199.21,202.49,205.59,207.68,208.19,208.17,212.2,209.5,207.52,204.25,197.22,193.17,187.04,178.72,171.82,167.74,165.82,164.78,162.27,161.31,154.25,153.66,150.11,147.27,146.63,144.89,144.94,144.05,142.8,143.96,146.86,148.65,150.5,152.28,153.86,156.43,159.02,159.92,160.6,162.76,164.22,166.14,168.43,170.11,171.93,174.13,176.6,177.95,180.18,182.38,184,185.8,187.18,189.45,189.32,191.86,193.2,194.61,197.64,200.06,204.96,211.19,216.17,222.37,228.88,235.69,241.88,249.28,251.3,254.84,259.37,264.54,269.6,275.89,281.64,286.68,291.28,292.35,100
Indiana,,,,,,,,,,,,,,,,,,,,,,,,,,,,,,,,,,,,,,,,,,,,,,,,,,,,,,,,,,,,,,,,,100,99.89,100.53,101.4,102.34,103.77,104.86,105.74,107,108.35,109.73,111.32,112.54,113.46,114.63,116.11,117.93,118.19,120.16,120.71,122.14,123.82,125.01,125.75,126.04,127.11,127.87,128.84,129.85,131.01,131.94,134.09,134.83,135.77,137.72,137.87,140.56,140.99,141.97,142.16,143.68,144.41,144.78,146.94,147.41,147.92,148.63,149.06,150.98,151.14,151.69,152.35,153.11,154.09,155.08,156.21,157.64,157.51,157.49,158.42,158.45,159.68,159.4,160.12,160.43,159.45,158.71,156.47,156.04,152.13,151.23,143.12,137.7,139.04,139.49,140.79,139.14,140.49,135.34,136.97,135.84,133.65,134.75,135.48,136.95,135.79,134.68,135.13,138.89,138.83,139.65,140.3,140.73,142.18,145.58,146.54,145.71,148.34,148.73,150.13,154.31,154.39,156.82,158.97,162.28,164.76,167.45,171.69,175.09,179.42,181.71,184.63,186.15,189.99,194.26,196.95,201.39,204.8,212.68,222.07,231.46,239.73,248.97,258.45,267.2,276.48,280.28,284.64,288.73,295.02,300.78,307.08,313.52,318.37,322.6,326.19,99.89
Iowa,,,,,,,,,,,,,,,,,,,,,,,,,,,,,,,,,,,,,,,,,,,,,,,,,,,,,,,,,,,,,,,,,100,100.54,101.25,102.52,103.71,105.84,107.09,108.23,110.87,112.13,114.41,117.56,118.62,119.77,121.3,122.29,123.38,125.09,127.01,128.34,130.03,130.91,132.23,132.94,133.94,135.04,135.84,137.4,139.32,141,142.49,145.82,146.16,148.73,149.96,151.78,153.25,154.68,156.46,156.91,159.15,160.3,161.41,163.12,163.85,165.58,167.58,169.49,171.05,172.08,173.93,175.12,177.22,179.63,181.03,184.06,184.18,188.15,187.98,190.1,192.32,193.86,194.44,194.88,196.74,197.26,198.43,197.07,197.34,195.77,194.68,195.24,193.21,192.81,194.31,194.14,193.54,194.74,189.13,192.77,187.73,189.84,190.78,191.52,193.91,193.42,195.11,196.72,197.97,200.51,201.69,203.07,203.31,204.67,206.25,207.82,210.22,212.11,212.81,216.44,217.72,219.69,221.38,223.82,225.41,228.29,231.3,233.13,235.69,237.44,239.23,242.26,244.86,246.15,248.91,250.78,253.73,257.14,260.75,268.66,274.56,282.08,290.36,297.57,304.59,313.53,316.59,320.78,325.89,330.13,335.57,340.16,344.59,349.56,353.85,358.62,100
Kansas,,,,,,,,,,,,,,,,,,,,,,,,,,,,,,,,,,,,,,,,,,,,,,,,,,,,,,,,,,,,,,,,,100,99.71,99.52,100.77,101.68,101.78,103.45,104.22,105.4,106.62,108.79,110.85,112.34,114.72,115.55,116.39,118.85,119.88,121.55,123.29,124.39,125.87,126.68,127.4,127.83,129.93,131.81,133.12,135.75,136.28,138.67,142.61,144.78,145.92,147.27,147.61,150.43,151.73,153.37,154.13,155.93,158.3,159.77,162.29,162.95,164.15,165.78,167.37,169.34,169.65,172.86,174.24,176.08,178.53,179.03,181.1,183,185.34,186.53,188.18,191.89,192.12,194.35,195.49,197.55,198.67,199.52,198.46,197.11,196.75,194.5,193.98,195.29,192.88,193.32,194.69,190.77,193.77,189.58,188.54,184.53,183.84,184.63,185.03,185.68,187.01,190.77,190.92,189.18,192.4,193.63,192.19,198.13,199.12,200.22,201.77,203.65,205.12,207.54,208.29,212.9,215.38,216.95,221.35,221.69,225.32,227.49,229.83,234.26,236.68,237.7,242.29,245.35,246.83,251.3,255.37,258.28,261.33,273.49,283.83,289.95,303.92,312.29,321.13,334.04,342.72,345.19,348.49,350.98,360.18,370.55,376.89,386.47,388.04,392.22,398.21,99.52
Kentucky,,,,,,,,,,,,,,,,,,,,,,,,,,,,,,,,,,,,,,,,,,,,,,,,,,,,,,,,,,,,,,,,,100,100.32,100.42,101.69,103.2,103.44,105.28,106.75,107.67,109.41,110.35,111.48,114.27,115.46,116.77,117.74,118.78,120.27,121.44,123.37,123.63,125.16,126.81,128.02,129.36,130.14,131.39,131.87,132.96,135.24,136.23,138.35,140.34,141.87,143.88,145.16,147.49,148.21,149.46,150.62,151.67,153.3,154.51,156.18,156.85,158.64,159.03,161.81,163.27,165.21,167.47,168.74,172.29,172.49,174.39,176.99,178.37,180.19,182.32,184.19,187.54,187.48,188.32,189.1,189.53,188.96,188.28,187.27,185.74,184.17,182.66,179.23,178.26,178.03,178.38,179.37,178.17,178.26,172.85,173.69,171.88,171.04,171.31,171.14,172.06,172.22,172.04,173.62,174.5,174.81,176.36,176.02,177.31,179.4,180.74,182.63,183.5,186.16,187.51,188.45,191.38,193.52,195.79,198.63,200.14,202.66,206.28,208.18,212.03,213.8,216.07,218.6,220.88,223.85,225.9,229.7,233.69,236.68,242.8,251.61,258.54,267.67,276.03,283.89,291.57,300.71,304.15,307.33,311.03,315.61,321.52,326.2,332.86,337.97,343.74,350,100
Louisiana,,,,,,,,,,,,,,,,,,,,,,,,,,,,,,,,,,,,,,,,,,,,,,,,,,,,,,,,,,,,,,,,,100,99.92,100.74,100.92,102.68,103.67,104.4,105.83,106.18,107.85,110.03,112.37,114.2,115,115.67,116.57,117.65,120.32,122.66,124.53,126.09,127.38,128.51,128.86,130.95,132.31,133.94,135.76,137.28,139.3,140.7,143.27,144.91,146.55,147.74,147.49,151.6,152.36,154.35,154.47,156.91,157.17,158.78,160.96,162.21,163.64,164.9,167.55,168.48,171.04,172.8,174.54,176.51,180.45,182.6,184.38,187.37,191.61,195.36,202.25,205.2,208.28,211.61,212.69,216.04,215.31,214.59,214.46,212.52,211.62,212.47,209.78,210.93,210.04,210.29,210.63,210.72,210,207.87,207.06,203.84,203.68,202.99,202.52,203.23,204.25,207.03,205.72,209.08,210.81,212.62,214.3,215.58,217.43,219.52,221.27,223.29,224.23,226.52,228.23,229.19,231.11,231.42,230.89,234.3,236,238.44,239.55,241.11,242.39,241.76,244.94,246.08,248.45,249.67,252.35,254.15,255.64,261.12,267.28,271.58,277.98,285.94,290.3,300.46,305.28,307.03,307.24,307.68,310.08,312.62,313.46,317,317.89,316.55,320.74,99.92
Maine,,,,,,,,,,,,,,,,,,,,,,,,,,,,,,,,,,,,,,,,,,,,,,,,,,,,,,,,,,,,,,,,,100,99.07,98.82,98.27,101.2,97.47,97.92,98.39,94.03,95.46,94.95,95.28,95.2,95.16,95.07,94.31,94.19,94.68,94.69,95.36,98.06,97.43,97.3,96.52,98.33,97.94,99.06,101.37,101.74,102.94,104.17,106.43,108.32,110.42,113.14,115.5,117.17,119.88,122.89,125.82,129.01,132.9,136.3,137.52,144.33,147.5,152.43,157,160.68,164.32,167.37,175.27,176.57,183.74,189.3,191.41,199.8,203.59,206.92,209.43,210.52,210.74,210.85,210.79,209.64,209.78,209.88,208.66,206.51,203.51,200.48,193.33,196.46,193.54,190.35,189.36,187.45,186.53,185.62,185.84,181.24,182.41,181.74,182.03,180.1,178.51,179.4,182,185.69,184.81,187.05,185.35,188.95,190.16,190.13,191.07,191.1,196.87,198.12,199.52,201.9,206.26,208.28,211.83,215.14,215.39,220.84,225.47,225.24,232.44,234.24,237.6,242.79,243.75,249.64,252.63,261.29,264.12,274.13,290.81,301.72,318.17,330.93,347.37,359.83,379.61,379.99,381.36,392.82,404.73,422.42,430.27,438.86,443.25,447.17,453.61,94.03
Maryland,,,,,,,,,,,,,,,,,,,,,,,,,,,,,,,,,,,,,,,,,,,,,,,,,,,,,,,,,,,,,,,,,100,100.04,99.62,100.43,101.58,100.29,101.61,101.63,100.82,101.11,101.74,101.62,101.92,102.44,101.69,101.43,101.45,100.72,101.63,101.75,102.11,101.97,102.18,102.12,102.44,102,102.38,103.13,104.19,104.61,104.93,106.64,108.43,109.82,110.99,113.12,114.57,117.04,118.06,119.72,122.72,124.91,127.59,130.5,133.45,137.78,143.21,147.8,151.83,157.37,163.87,168.59,174.59,183.52,193.08,200.72,210.2,222.39,235.16,245.18,252.39,257.77,258.33,261.81,263.11,257.51,250.87,244.8,238.33,227.65,217.96,207.66,201.64,194.01,190.65,188.41,183.61,182.35,176.5,174.82,170.91,168.58,168.7,167.49,168.46,171.91,173.17,175.02,177.8,180.62,184.09,184.4,185.74,186.07,185.81,186.2,186.97,187.59,189.1,189.76,190.24,193.91,195.81,198.2,199.69,202.45,204.6,207.44,210.62,211.83,214.87,217.25,218.74,220.95,222.88,226.15,231.27,235.18,242.69,249.82,254.28,260.24,267.54,275.04,282.01,287.22,290.82,295.06,300.04,305.71,310.89,315.28,319.86,322.66,325.24,328.47,99.62
Massachusetts,,,,,,,,,,,,,,,,,,,,,,,,,,,,,,,,,,,,,,,,,,,,,,,,,,,,,,,,,,,,,,,,,100,97.97,96.91,97.43,98.55,95.64,96.19,96.62,94.94,96.1,96.47,96.31,96.83,97.04,97.17,97.58,97.88,98.35,99.08,99.82,101.09,101.99,102.95,104.26,104.61,106.69,107.84,110.14,112.55,115.31,118.33,120.99,124.25,128.07,132.02,135.7,140.35,145.67,150.1,156.03,162.07,167.2,172.23,176.73,181.87,188.49,195.74,201.5,205.44,210.02,213.92,221.86,226.59,231.42,236.97,242.05,246.11,249.85,251.4,250.68,249.01,245.18,242.17,239.63,237.4,237.28,233.78,229.93,227.33,220.7,217.14,215.49,215.31,213.32,213.37,213.71,211.39,212.42,207.91,207.49,203.86,204.38,204.6,202.48,202.92,204.37,206.98,209.94,213.29,216.2,218.97,220.99,221.16,226.3,227.41,229.23,231.73,235.2,237.18,239.73,243.07,245.61,249.82,253.7,256.66,262.67,266.34,269.74,273.94,278.01,280.91,283.7,287.87,288.94,293.31,298.91,304.25,302.78,317.53,332.95,344.98,359.44,372.33,382.77,395.9,406.29,401.54,402.23,409.31,419.59,430.97,439.23,445.16,450.62,456.71,464.59,94.94
Michigan,,,,,,,,,,,,,,,,,,,,,,,,,,,,,,,,,,,,,,,,,,,,,,,,,,,,,,,,,,,,,,,,,100,100.63,101.15,102.04,103.7,103.6,104.65,105.73,105.6,106.75,107.75,109.07,110.43,111.81,113.56,115.32,117.6,119.93,122.38,125,127.5,129.97,132.29,134.36,136.53,138.59,140.21,142.55,144.63,146.98,149.42,152.23,154.76,157.22,159.7,162.31,165.28,168.18,170.48,172.45,174.74,176.53,178.75,180.45,182.21,183.99,185.14,187.41,188.82,189.43,191.78,193.22,194.82,195.95,197,198.64,199.55,199.66,199.95,198.69,196.45,195.13,192.9,190.27,187.03,180.61,171.42,162.22,153.01,145.18,138.96,125.58,119.69,114.63,114.09,114.45,114.53,114.45,110.81,109.98,107.46,106.36,109,109.45,112.07,113.66,115.38,119.3,124.42,128.72,132.8,136.67,138.93,143.46,148.94,150.65,153.71,156.67,159.07,161.24,164.9,167.95,171.21,175.07,179.02,183.22,186.77,191.11,196.77,199.33,203.22,206.8,210.09,213.74,216.95,220.6,225.07,227.63,236.88,246.34,253.54,265.39,275.34,283.9,292.37,299.57,301.78,305,309.25,315.55,324.96,330.09,336.96,342.62,347.58,353.64,100
Minnesota,,,,,,,,,,,,,,,,,,,,,,,,,,,,,,,,,,,,,,,,,,,,,,,,,,,,,,,,,,,,,,,,,100,98.71,99.15,100.22,101.14,102.05,103.35,104.28,105.4,106.83,108.05,109.27,110.64,111.78,112.42,113.5,113.87,115.37,117.2,118.7,119.93,121.58,122.24,124.08,125.17,125.87,127.35,128.35,130.46,132.61,135.7,138.97,141.82,146.19,149.46,153.1,157.76,162.11,166.31,171.28,176.02,180.92,185.44,188.87,192.85,197.78,202.33,206.49,210.96,214.5,218.18,223.68,226.98,230.28,234.57,237.88,240.53,244.04,247.19,250.35,250.5,250.22,248.53,247.71,249.57,247.23,243.19,237.19,233.2,226.33,219.66,210.93,205.32,203.06,203.18,204.6,204.12,205.35,198.98,196.3,191.27,190.4,192.2,192.91,194.16,197.28,201.25,205.5,206.52,212.84,218.43,218.56,222.44,224.21,224.16,227.03,227.39,233.16,235,239.19,242.34,244.99,249.54,252.87,257.51,261.17,264.58,268.63,274.24,277.33,281.36,283.81,289.75,290.72,294.95,299.96,304.03,306.66,316,328.74,337.9,350.15,359.71,369.92,379.39,388.9,386.09,387.87,390.64,399.38,402.91,405.01,410.1,411.63,418.55,424.46,98.71
Mississippi,,,,,,,,,,,,,,,,,,,,,,,,,,,,,,,,,,,,,,,,,,,,,,,,,,,,,,,,,,,,,,,,,100,99.16,99.03,100.73,102.79,102.51,103.18,103.07,103.9,106.01,106.92,109.02,110.22,111.49,112.87,113.88,115.6,116.63,118,119.31,120.1,121.5,123.28,124.27,124.72,126.03,126.63,127.77,129.34,130.56,132.08,133.54,134.9,136.81,137.64,138.59,139.83,140.85,141.34,141.84,143.04,143.94,144.81,145.36,145.94,145.81,148.74,149.15,149.96,151.16,152.03,153.26,154.89,156.45,157.82,159.16,160.74,163.66,167.08,172.02,175.84,178.05,180.05,182.21,184.89,185.93,185.12,185.71,179.14,178.76,176.59,173.84,170.65,170.18,169.11,168.42,167.16,166.06,166.49,164.09,162.06,161.84,161.94,162.05,162.57,162.9,162.62,162.58,164.57,164.52,165.14,165.83,167.84,167.38,168.37,169.08,171.31,171.17,171.94,173.81,173.84,174.99,176.08,177.76,178.28,180.42,181.2,181.46,183.79,186.33,187.77,189.82,191.33,192.41,194.84,198.08,199.8,202.21,206.69,213.76,217.88,223.45,232.99,240.44,245.88,252.41,254.87,255.48,259.48,264.37,267.48,271.4,282.2,285.43,291.89,300.28,99.03
Missouri,,,,,,,,,,,,,,,,,,,,,,,,,,,,,,,,,,,,,,,,,,,,,,,,,,,,,,,,,,,,,,,,,100,100.41,100.38,100.91,101.44,101.85,102.1,103.06,102.79,104.12,105.13,106.24,107.51,108.57,109.74,110.97,112.02,113.18,114.5,115.36,116.28,118.13,118.57,120.13,121.65,122.23,123.39,125.09,126.37,127.52,129.21,130.93,132.85,135.03,137.19,139.01,141.49,143.7,145.44,147.81,149.33,152.33,154.12,155.49,158.51,160.21,162.11,164.38,166.1,168.78,171.29,173.54,176.83,179.47,181.16,185.02,187.44,189.51,192.01,194.95,196.13,196.05,195.9,197.1,196.61,194.5,191.06,185.75,182.2,178.77,177.1,169.01,167.92,167.45,167.73,170.92,165.82,165.07,155.78,153.91,150.8,148.94,150.12,146.83,148.3,149.47,150.18,152.11,152.8,155.31,158.63,158.93,161.23,162.77,164.5,167.97,169.33,171.35,172.58,174.49,177.23,179.81,182.13,184.75,187.48,190.2,192.7,195.82,200.54,201.33,204.67,206.75,208.25,211.35,215.09,219.36,222.57,225.03,233.58,244.42,251.1,260.53,269.98,278.28,289.71,296.82,298.63,300.83,304.69,310.9,317.15,319.51,325.99,331.41,335.39,346.92,100
Montana,,,,,,,,,,,,,,,,,,,,,,,,,,,,,,,,,,,,,,,,,,,,,,,,,,,,,,,,,,,,,,,,,100,100.59,104.78,109.59,109.85,111.44,115.48,119.04,122.4,126.53,129.37,132.98,137.24,141.26,142.27,145.61,147.31,148.85,152.72,152.65,153.53,156.13,157.85,157.58,160.78,159.64,158.57,160.66,162.34,162.52,163.4,164.79,165.23,168.19,171.11,171.73,173.14,174.54,176.97,177.63,184.31,184.36,184.4,188.94,192.94,193.79,198.6,202.32,205.06,211.39,216.68,219.44,224.06,230.45,236.27,242.16,248.9,256.39,262.58,270.98,279.76,284.39,291.33,296.47,300.35,308.38,310.35,312.9,312.04,308.84,308.35,298.8,303.41,297.71,296.99,295.68,294.26,290.26,287.18,277.22,272.52,281.82,280.88,284.77,283.49,287.42,288.71,298.06,304.3,304.4,305.79,310.63,313.38,316.19,322.09,322.37,327.18,329.73,331.54,334.75,339.45,342.21,344.78,357.19,356.09,362.11,367.99,372.86,380.19,381.57,389.65,390.64,392.21,405.49,409.13,415.96,434.63,426.1,452.51,476.88,502.39,529.21,565.46,592.3,614.98,647.09,643.05,650,660.42,673.65,678.58,687.88,697.55,700,716.3,728.29,100
Nebraska,,,,,,,,,,,,,,,,,,,,,,,,,,,,,,,,,,,,,,,,,,,,,,,,,,,,,,,,,,,,,,,,,100,101.22,101.62,101.91,105.23,106.56,108.34,110.38,110.42,113.64,115.37,118.4,119.24,120.14,122.13,122.9,125.52,127.66,128.85,130.35,131.55,133.91,135.59,136.54,138.64,140.69,141.64,144.16,146.89,146.48,147.4,153.49,153.79,154.85,156.16,156.51,157.96,159.64,160.6,161.71,162.4,164.34,165.4,166.14,168.27,169.5,171,173.22,175.15,176.4,177.87,179.62,182.04,181.9,186.29,187.95,189.73,189.04,191.66,193.05,193.91,195.85,196.37,196.39,197.26,197.2,196.93,195.77,193.25,191.62,190.98,190.45,189.36,190.57,191.69,193.16,189.75,192.35,190.1,186.76,188.37,186.93,189.01,189.66,191.14,193.12,193.85,197.89,199.63,200.91,202.4,205.06,205.86,208.39,210.41,211.87,216.18,217.42,220.37,222.47,222.1,227.47,230.17,231.44,236.57,241.17,243.46,249.27,254.14,256,259.77,263.04,265.2,269.65,273.61,274.26,280.43,284.6,294.33,304.69,312.02,324.44,336.71,345.24,355.18,363.5,368.17,374.1,380.18,386.77,391.77,398.4,404.05,408.41,414.33,419.39,100
Nevada,,,,,,,,,,,,,,,,,,,,,,,,,,,,,,,,,,,,,,,,,,,,,,,,,,,,,,,,,,,,,,,,,100,99.85,99.94,101.44,102.73,101.5,103.17,103.9,103.93,104.77,104.98,105.98,107.43,108.01,109.4,109.71,110.43,112.52,112.89,113.2,113.87,114.54,114.69,115.28,116.32,116.23,117.41,117.29,116.87,117.94,118.38,119.49,120.64,120.77,122.21,123.36,123.93,125.84,125.89,128.02,130.79,133.34,135.07,137.76,140.33,142.21,145.72,149.5,153.27,157.08,164.22,174.14,186.33,204.27,219.4,229.92,239.66,253.7,257.19,268.49,273.44,271.03,267.33,265.94,263.37,258.39,247.73,234.81,216.9,197.5,181.63,161.8,150.37,141.45,132.64,134.89,131.92,131.01,127.8,124.63,119.1,115,113.28,111.33,112.26,119.68,124.77,131.74,139.47,148.12,154.91,160.57,164.71,167.57,171.69,175.76,180.27,183.68,190.17,193.43,198.99,202.45,204.88,211.7,214.43,218.06,225.88,237.18,242.7,252.34,257.57,261.43,266.82,268.86,270.32,273.27,278.8,280.16,287.36,298.69,312.01,332.04,352.3,364.04,382.19,398.79,389.84,382.89,375.99,381.81,388.19,398.17,405.23,408.97,411.48,418.2,99.85
New Hampshire,,,,,,,,,,,,,,,,,,,,,,,,,,,,,,,,,,,,,,,,,,,,,,,,,,,,,,,,,,,,,,,,,100,98.02,96.83,94.82,95.15,93.54,91.19,92.31,88.71,90.17,90.3,91.11,91.14,90.41,91.14,91.24,90.13,92.22,92.92,93.54,94.6,94.67,95.25,95.21,96.89,97.55,98.84,100.46,102.77,105.51,108.11,110.59,112,117.21,118.82,122.3,126.98,131.39,135.5,142.61,146.09,151.27,155.74,158.54,162.95,168.05,175.44,181.42,185.94,190.79,194.77,199.58,204.84,209.31,212.68,219.62,224.01,226.43,231.67,233.48,235.44,235.1,231.52,228.1,227.83,224.64,219.93,216.88,212.5,207.54,204.53,196.6,193,191.5,189.79,191.72,188.97,190.18,187.33,184.31,180.67,178.86,179.08,177.97,176.5,175.21,177.13,184.05,184.47,187.11,189.75,189.57,191.06,194.78,194.5,196.14,199.65,201.81,204.43,205.99,205.93,211.41,215.27,218.08,220.84,224,225.88,230.39,234.09,235.88,239.48,242.06,246.44,248.8,255.9,259.78,264.28,267.03,279.71,296.05,306.97,319.47,330.08,341.41,354.58,368.77,369.89,369.95,380.65,385.28,397.37,407.18,415.02,422.43,426.9,439.06,88.71
New Jersey,,,,,,,,,,,,,,,,,,,,,,,,,,,,,,,,,,,,,,,,,,,,,,,,,,,,,,,,,,,,,,,,,100,99.24,98.72,99.14,100.23,99.67,99.06,100.22,99.35,99.59,99.78,99.9,100.02,100.34,100.74,100.55,100.56,100.65,100.87,101.21,101.44,102.06,101.48,101.95,102.55,102.92,103.58,104.86,105.84,107.11,108.2,109.66,111.7,113.82,116.11,118.22,120.82,123.9,126.87,130.02,133.29,136.74,141.24,144.82,149.12,154.1,160.29,166.32,171.91,176.96,182.71,188.57,194.75,203.15,210.56,218.92,226.69,235.04,243.13,249.93,255.25,257.46,255.9,254.19,255.48,254.66,249.42,244.42,239.3,231.46,223.99,216.63,209.71,203.51,200.81,199.28,196.06,194.82,187.42,184.65,181.59,179.62,178.3,176.15,175.73,175.46,175.21,176.14,177.24,179.1,180.4,181.25,182.05,182.76,184.78,184.38,184.96,185.84,186.53,186.6,187.19,188.27,189.28,190.8,190.51,194.54,195.53,197.35,200.05,203.69,206.56,209.27,212.46,214.96,218.56,223.53,228.61,234.28,242.74,253.52,261.02,268.08,279.85,290.39,299.31,308.89,314.52,319.97,328.02,336.25,346.51,356.3,365.53,373.89,380.55,388.79,98.72
New Mexico,,,,,,,,,,,,,,,,,,,,,,,,,,,,,,,,,,,,,,,,,,,,,,,,,,,,,,,,,,,,,,,,,100,100.43,100.63,103.02,105.32,105.31,107.08,109.29,111.07,114.3,116.84,119.74,124.17,126.33,130.11,132.14,133.22,135.11,137.01,136.33,137.04,138.46,137.89,137.56,138.54,139.78,138.2,138.97,139.39,139.9,141.33,142.95,143.89,142.84,143.84,145.4,144.64,145.37,145.95,144.89,148.33,149.11,150.36,150.49,152.48,155.58,157.14,159.04,160.82,162.44,164.93,167.71,170.8,174.04,177.95,181.36,187.1,193.58,200.64,207.47,213.94,220.29,226.64,231.48,234.23,236.29,235.59,234.68,233.9,231.44,230.63,223.74,219.53,217.97,217.24,217.18,215.59,212.25,206.73,204.09,199.57,191.96,195.6,193.54,194.14,196.19,198.5,197.13,199.77,199.58,199.1,200.24,200.65,202.6,203.94,205.88,207.06,206.42,210.91,210.14,211.94,214.31,215.42,217.48,218.39,221.98,223.94,226.48,229.22,230.51,234.02,238.02,239.3,243.85,248.09,251.97,258.81,263.66,270.6,280.7,290.8,299.51,313.51,323.88,333.83,345.56,351.54,358.6,364.78,369.13,378.91,381.41,388.42,394.72,394.72,398.57,100
New York,,,,,,,,,,,,,,,,,,,,,,,,,,,,,,,,,,,,,,,,,,,,,,,,,,,,,,,,,,,,,,,,,100,99.13,99.24,99.7,101.09,100.21,100.3,100.8,99.9,100.94,100.42,100.42,99.79,99.77,99.32,98.4,98.46,98.58,98.92,98.25,99.69,98.91,98.96,98.93,99.35,100.32,100.45,101.24,102.07,103.98,105.88,107.67,109.36,111.88,114.41,116.86,119.56,121.92,125.05,128.33,130.91,134.27,137.85,141.57,145.56,149.44,154,158.17,164.41,166.84,171.01,175.36,179.69,184.56,188.98,193.4,198.86,203.05,209.66,211.98,214.78,216.21,214.55,215.15,214.95,216.93,215.8,214.81,212.43,209.62,205.25,201.21,197.81,196.99,197.46,197.72,196.51,197.42,190.3,191.78,189.97,189.99,190.48,189.29,189.83,190.53,191.06,192.42,193.71,194.7,195.34,196.1,197.29,196.76,198.91,200.13,200.12,201.87,202.63,203.03,204.66,205.98,208.09,210.51,212.22,214.66,217.75,221.52,224.94,228.34,231.56,232.99,235.97,240.44,243.37,247.36,252.48,254.84,262.6,276.17,284.76,292.65,301.05,309.78,318.41,327.2,332.66,336.65,342.13,348.53,356.87,365.54,373.58,382.9,387.73,393.79,98.25
North Carolina,,,,,,,,,,,,,,,,,,,,,,,,,,,,,,,,,,,,,,,,,,,,,,,,,,,,,,,,,,,,,,,,,100,100,99.75,100.94,101.93,101.92,103.33,104.12,104.09,105.54,106.47,107.77,109.33,110.98,112.68,114.16,115.34,116.28,117.59,118.89,120.68,121.63,123.4,124.11,125.53,127.19,127.76,129.37,130.44,131.64,133.16,134.63,136,137.59,138.67,140.42,140.95,142.7,144.42,145.47,146.91,147.92,148.66,149.12,150.71,151.59,153,154.41,155.69,156.58,157.71,159.08,160.63,164.25,165.18,168.43,171.67,174.2,177.75,181.66,185.47,187.73,190.98,195.35,197.37,198.13,199.89,198.67,198.58,197.09,194.06,189.98,187.48,186.85,186.23,186.07,183.93,182.08,177.86,177.14,172.52,171.91,172.17,171.85,171.7,172,172.74,173.01,176.16,177.87,180.6,181.41,182.29,184.82,184.99,186.57,190.55,192.77,194.84,197.52,199.96,202.53,205.89,208.54,211.47,214.17,217.3,220.45,223.84,227.19,230.17,233.53,236.75,239.79,242.71,246.74,251.29,254.55,261.85,273.47,284.95,299.71,317.51,332.07,346.18,364.6,367.16,369.1,372.66,381.34,389.68,397.2,403.27,406.12,409.45,416.71,99.75
North Dakota,,,,,,,,,,,,,,,,,,,,,,,,,,,,,,,,,,,,,,,,,,,,,,,,,,,,,,,,,,,,,,,,,100,100.19,99.73,100.84,102.54,103.47,103.85,105.83,106.51,109.66,112.41,114.14,115.53,116.7,118.3,119.46,121.61,122.48,120.03,123.78,123.3,124.41,125.88,126.37,127.36,127.07,129.88,129.16,128.82,131.88,133.67,136.1,135.61,135.9,136.35,135.97,139.11,139.4,140.27,138.06,143.13,142.64,142.38,146.96,147.22,149.89,152.4,156.22,158.08,159.53,161.93,164.01,166.45,170.1,173.92,176.16,179.9,183.34,186.11,191.08,190.11,197.06,197.69,200.32,203.01,204.47,206.95,206.53,209.05,210.29,211.23,210.71,209.54,213.9,214.21,215.35,221.9,215.83,215.08,222.3,221.8,224.51,227.84,231.22,235.73,242.15,246.43,252.82,255.68,260.56,267.05,267.6,275.33,277.45,284.87,289.98,294.31,293.47,295.37,297.59,298.41,299.99,300.6,302.5,299.68,303.85,305.55,302.58,305.44,307,306.78,309.62,316.46,319.18,316.73,316.44,320.8,321.63,329.33,338.04,343.02,351.45,362.89,373.42,380.65,388.5,393.08,393.96,399.09,403.82,404.23,414.36,414,418.66,422.35,427.24,99.73
Ohio,,,,,,,,,,,,,,,,,,,,,,,,,,,,,,,,,,,,,,,,,,,,,,,,,,,,,,,,,,,,,,,,,100,100.59,101.13,102.23,104.21,104.84,106.06,107.2,108.05,109.45,111.06,112.51,113.59,115.25,116.2,117.49,118.86,119.62,121.18,122.5,124.08,125.47,126.36,127.33,128.04,128.99,130.08,130.87,132.5,133.44,134.63,136.49,138.33,139.67,141.32,142.58,143.84,145.38,146.74,147.91,149.37,150.68,151.67,153.07,154.88,155.32,157.14,158.79,160.09,161.46,162.75,164.24,165.72,166.78,168.12,169.41,170.7,171.98,172.49,173.49,174.3,174.12,173.39,172.7,172.71,168.38,164.06,159.74,155.85,152.4,147.3,139.71,136.24,138.09,140.05,141.59,139.89,139.06,130.78,131.58,129.32,127.24,127.75,127.95,128.59,129.72,130.28,131.58,132.97,134.43,136.04,138.31,141.51,143.9,145.89,146.73,147.1,148.8,150.83,151.69,154.61,157.35,159.54,162.03,164.53,166.99,170.09,173.59,176.28,178.81,181.81,184.46,187.45,190.07,193.32,196.69,200.13,204.02,210.57,220.27,227.61,236.07,244.61,252.5,259.41,266.88,269.3,271.67,276.94,282.54,289.05,295.51,301.64,306.5,311.38,317.51,100
Oklahoma,,,,,,,,,,,,,,,,,,,,,,,,,,,,,,,,,,,,,,,,,,,,,,,,,,,,,,,,,,,,,,,,,100,100,100.83,101.34,102.16,102.05,103.08,104.38,105.01,106.58,108.23,109.76,111.13,112.37,113.37,114.61,114.94,115.71,117.71,118.02,119.02,120.21,121.08,121.59,122.92,123.49,124.12,125.23,126.61,128.49,129.28,132.09,133.48,134.76,137.07,137.63,139.41,140.59,141.84,143.38,144.7,146.47,147.53,148.41,150.53,151.04,152.21,154.7,155.26,157.02,158.91,160.3,162.04,164.14,163.27,167.12,168.95,171.36,174.3,176.99,180.03,182.18,182.83,184.82,189.87,188.52,192.19,193.32,192.35,191.86,191.33,187.13,190.5,192.24,192.36,191.42,191.12,191.24,190.15,190.46,184.41,189.03,186.18,189.76,187.87,190.23,193.7,195.7,198.4,199.34,199.36,198.93,201.72,202.78,205.5,206.59,210.73,211.98,213.63,214.51,215.61,215.95,218.09,219.12,220.65,222.15,223.85,225.8,227.21,229.44,231.61,233.59,236.38,239.31,241.21,245.47,248.8,252.06,257.97,267.73,273.19,282.92,294.68,304.87,315.33,324.05,328.83,331.32,336.35,341.18,346.06,352.49,357.44,361.24,364.77,369.19,100
Oregon,,,,,,,,,,,,,,,,,,,,,,,,,,,,,,,,,,,,,,,,,,,,,,,,,,,,,,,,,,,,,,,,,100,100.71,102.87,105.13,107.37,109.79,112.15,114.56,116.66,119.34,122.22,125.86,128.74,132.41,135.01,138.24,141.7,143.28,146.16,148.25,150.88,154.07,156.35,158.98,161.89,162.79,164.75,165.86,166.3,168.9,170.1,171.55,173.01,174.8,175.9,176.83,179.09,179.38,180.74,183.49,185.85,188.08,190.22,192.1,194.88,197.81,200.81,203.75,207.62,211.68,214.58,220.06,225.6,231.01,239.34,247.72,256.22,267.15,282.14,295.02,304.66,315.01,321.58,324.84,332.97,334.86,331.13,327.75,321.98,316.47,308.31,297.62,294.36,283.01,277.46,275.77,268.93,270.06,257.23,251.49,244.86,238.87,242.59,243.23,241.83,246.69,255.24,256.64,268.18,275.87,279.39,285.7,290.54,294.19,299.41,305.15,309.97,319.23,327.8,337,346.42,354.72,362.33,372.31,375.64,384.49,390.93,396.42,407.63,411.43,416.44,420.54,424.44,428.51,435.53,444.94,452.36,452.49,474.3,497.56,517.89,543.95,566.86,584.93,610.75,617.2,608.66,606.45,600.17,607.63,617.04,615.6,623.97,625.15,628.11,634.25,100
Pennsylvania,,,,,,,,,,,,,,,,,,,,,,,,,,,,,,,,,,,,,,,,,,,,,,,,,,,,,,,,,,,,,,,,,100,99.67,99.97,100.9,101.86,101.78,101.9,102.3,102.41,103.05,103.18,104.1,104.41,104.51,104.93,104.39,103.65,104.66,104.82,104.94,105.21,105.57,105.95,105.91,106.56,106.28,106.65,107.35,107.82,108.9,109.26,110.7,111.7,112.7,114.05,115.04,116.64,118.11,119.12,120.93,123.02,125.09,127.2,129.13,131.61,134.19,137.01,140.78,143.47,146.34,149.99,152.37,156.57,161.48,165.57,171.06,173.75,178.83,184.8,188.69,192.03,193,195.02,196.46,198.29,199.6,197.87,196.3,194.13,192.46,190.01,186.38,184.37,183.19,182.96,183.78,181.53,181.9,174.36,174.3,171.68,171.14,170.73,169.27,169.96,170.6,170.43,171.89,173.88,173.07,173.93,174.83,175.53,177.54,179.03,179.51,180.71,182.46,183.63,184.46,185.76,187.96,190.24,192.3,194.27,196.81,199.78,203.07,206.44,208.56,211.6,215.05,218.04,220.29,223.32,226.52,231.98,232.51,241.27,251.51,258.91,268.2,277.11,283.09,293.02,299.67,303.69,308,312.81,319.99,326.29,333.32,339.19,343.42,348.9,354.48,99.67
Rhode Island,,,,,,,,,,,,,,,,,,,,,,,,,,,,,,,,,,,,,,,,,,,,,,,,,,,,,,,,,,,,,,,,,100,97.26,95.61,95.91,96.41,94.2,94.83,94.53,93.64,92.89,92.86,92.39,92.03,92.98,91.7,91.09,90.93,91.06,91.2,91.08,90.94,91,90.67,90.05,91.36,90.88,91.09,92.37,92.9,94.1,95.09,96.41,98.51,100.02,101.54,104.76,107.35,111.49,115.04,117.6,120.34,125.55,130.47,135.24,140.32,147.62,155.39,163.18,169.07,175.77,182.19,190.5,198.75,206.76,215.8,219.67,230.05,231.79,235.41,234.97,236.6,236.86,234.05,231.61,227.48,223.62,218.46,212.67,203.53,195.21,183.47,177.66,173.91,170.17,171.19,170.5,170.53,170.53,163.58,163.37,161.08,156.37,158.69,155.57,153.54,152.91,153.63,157.43,159.61,162.09,165.29,163.39,166.75,171.37,172.01,174.55,174.74,177.87,181.42,183.16,186.9,189.55,193.7,196.87,201.93,204.51,208.69,214.59,216.98,221.36,223.01,227.63,230.54,231.52,236.07,240.46,246.68,245.55,260.16,273.88,287.87,299.59,309.44,317.11,326.48,338.15,339.31,340.57,351.25,360.59,370.95,383.64,389.83,398.07,406.82,414,90.05
South Carolina,,,,,,,,,,,,,,,,,,,,,,,,,,,,,,,,,,,,,,,,,,,,,,,,,,,,,,,,,,,,,,,,,100,100.82,101.12,102.28,103.05,103.39,104.34,105.56,105.38,105.75,107.23,108.21,108.91,110.48,110.57,111.42,113,113.92,114.61,114.84,117.07,118.14,118.74,122.13,122.04,122.5,123.53,125.29,126.56,127.97,129.9,131.81,133.14,135.92,137.68,138.95,140.79,143.04,143.71,145.01,146.22,147.62,149.12,149.78,152.07,152.21,153.46,155.65,155.41,157.82,159.33,160.24,163.29,164.77,168.62,170.69,173.13,176.39,180.06,185.59,188.2,191,192.62,197.09,198.09,200.99,200.7,199.37,200.42,198.2,195.12,189.3,192.95,189.87,189.7,185.8,184.25,181.4,177.87,179.06,170.3,168.78,169.92,173.18,168.39,173.89,173.03,172.41,176.3,179.41,181.87,180.86,181.74,184.84,187.52,190.51,194.94,197.2,196.72,203.61,205.49,206.77,209.9,213.93,215.81,218.7,223.62,226.99,231.06,234.81,237.98,241.85,245.24,249.17,251.12,255.42,261.17,263.71,272.58,282.4,292.6,308.17,324.1,339.23,353.86,370.02,375.47,377.9,383.4,390.1,397.12,403.97,409.7,413.68,417.98,423.85,100
South Dakota,,,,,,,,,,,,,,,,,,,,,,,,,,,,,,,,,,,,,,,,,,,,,,,,,,,,,,,,,,,,,,,,,100,102.7,103.81,103.11,107.67,107.02,110.03,111.62,113.21,116.19,117.7,121,123.74,124.81,125.63,128.71,126.05,130.79,130,132.75,134.02,134.45,137.7,138.02,137.01,140,141.7,142.35,145.93,145.71,145.44,146.26,150.88,151.26,152.73,154.24,155.95,158.59,161,160.93,163.36,164.82,166.49,169.68,169.14,172.6,172.11,174.94,176.15,178.78,182.88,184.7,186.14,188.27,192.88,194.17,196.87,201.26,201.13,208.55,208.01,211.16,212.33,214.87,216.5,217.35,219.16,221.09,222.54,222.07,222.24,220.51,221.98,222.5,219.58,223.03,222.74,219.77,218.43,216.35,218.09,217.02,219.07,222.05,219.09,222.95,225.36,226.54,228.24,231.35,235.01,238.11,239.11,241.72,241.6,247.05,248.1,250.05,252.29,255.79,262.46,260.96,267,268.38,271.16,276.99,278.71,282.01,287.27,289.69,296.43,299.65,301.05,306.56,305.86,311.69,313.56,320.33,329.81,342.36,359.62,370.28,390.28,405.94,420.65,437.63,443.6,443.5,456.62,463.05,467.3,474.2,477.57,478.57,483.73,487.78,100
Tennessee,,,,,,,,,,,,,,,,,,,,,,,,,,,,,,,,,,,,,,,,,,,,,,,,,,,,,,,,,,,,,,,,,100,100.18,100.3,101.54,101.98,102.08,103.9,104.47,104.72,106.49,107.89,109.49,111.28,112.68,114.29,115.48,117.82,118.65,120.44,122.61,123.62,125.16,126.86,127.67,129.1,130.35,130.63,131.64,133.14,134.88,136.19,137.62,139.49,140.06,141.67,143.21,143.79,145.21,145.76,146.43,147.52,148.18,148.86,150.72,151.68,152.16,154.33,154.67,156.83,158.29,159.78,162.31,163.28,165.99,168.8,170.38,174.33,176.56,179.92,184.15,187.96,190.77,193.04,195.81,197.79,197.69,196.18,194.03,191.55,188.77,185.81,180.35,177.3,176.89,177.49,177.76,173.83,175.45,169.73,169.78,169.6,168.18,168.51,167.43,168.29,169.85,170.1,172.36,173.54,176.47,180.18,180.83,183.03,185.55,188.34,190.85,193.74,195.86,197.93,200.83,203.87,207.33,211.41,215.65,218.92,222.98,226.83,231.17,234.91,238.75,242.78,246.5,251.17,255.14,259.28,264.24,269.73,274.1,282.92,296.7,308.86,325.92,343.79,359.78,375.75,393.15,397.9,399.16,405.56,409.97,416.84,426.33,433.27,438.43,443.51,449.24,100
Texas,,,,,,,,,,,,,,,,,,,,,,,,,,,,,,,,,,,,,,,,,,,,,,,,,,,,,,,,,,,,,,,,,100,100.08,100.32,100.11,101.95,101.68,102.64,103.62,103.93,105.09,106.19,107.38,108.45,108.97,109.41,109.95,110.34,110.81,111.61,112.28,112.9,113.44,113.98,114.23,114.8,115.67,116.28,117.67,119.57,121.01,123.05,124.84,126.66,128.8,130.68,133.04,135.58,137.66,140.07,142.07,143.84,145.5,146.61,147.67,148.81,150.39,151.25,152.57,153.31,153.9,154.84,155.8,157.07,158.6,159.95,161.47,163.45,165.89,168.41,171.11,174.1,176.08,178.7,181.94,184.8,186.29,187.53,188.48,187.93,187.44,188.14,186.04,186.12,185.97,186.16,187.38,187.28,186.52,185.14,183.02,182.52,180.27,181.41,182.58,185.18,187.44,189.66,192.34,195.61,200.07,203.83,207.82,211.34,214.04,218.76,223.01,226.82,230.27,234.21,237.73,241.37,245.88,250.02,253.6,257.87,263.6,266.82,271.6,275.72,279.06,282.1,285.43,288.62,291.55,294.54,299.28,304.08,304.87,314.65,326.17,338.89,355.23,373.45,390.17,405.35,424.67,425.47,426.89,427.86,431.45,437.43,439.25,442.72,443.3,443.76,448.45,100
Utah,,,,,,,,,,,,,,,,,,,,,,,,,,,,,,,,,,,,,,,,,,,,,,,,,,,,,,,,,,,,,,,,,100,100.65,101.68,103.69,105.19,106.81,108.67,112.71,116.43,120.86,127.03,131.97,136.98,143.72,148.09,151.35,154.55,156.4,160.45,163.32,167.71,170.05,172.73,174.81,175.38,177.31,178.48,179.46,181.63,183.72,183.55,186.32,186.75,187.99,188.47,190.04,190.9,191.71,193.55,193.35,195.18,195.8,195.74,196.7,197.65,197.76,198.78,201.9,200.87,203.78,205.45,205.87,209.64,213.52,217.2,222.45,227.33,233.67,243.64,254.14,263.66,273.82,284.25,297.03,306.88,315.39,317.34,313.33,311.6,304.47,295.12,284.22,278.28,267.67,264.81,262.67,256.3,256.07,249.82,247.88,237.97,234.62,237.4,237.08,242.24,249.66,253.86,261.67,268.07,275.75,281.88,282.97,286.55,288.31,290.14,294.77,300.79,303.42,308.89,317.06,323.2,328.77,336.05,341.92,349.04,357.76,367.26,375.62,386.02,395.61,402.44,411.75,418.02,425.54,435.51,445.07,459.06,461.27,483.58,515.16,547.62,587.39,625.75,655.32,691.03,707.37,687.26,677.85,663.52,677.46,688.96,692.69,701.6,705.35,714.14,725.54,100
Vermont,,,,,,,,,,,,,,,,,,,,,,,,,,,,,,,,,,,,,,,,,,,,,,,,,,,,,,,,,,,,,,,,,100,99.38,98.85,98.51,99.85,100.42,99.8,100.75,99.93,100.24,98.1,101.18,101.31,100.25,100.72,98.16,97.58,98.04,100.87,98.16,101.86,100.61,98.25,98.47,98.03,99.74,101.34,100.41,100.86,101.7,102.03,103.53,105.01,106.02,108.03,110.7,110.39,114.63,116.93,119.69,122.6,125.68,128.52,131.07,134.57,137.46,140.34,141.75,145.58,147.22,151.28,156.57,159.27,163.93,168.08,174.16,181.14,185.37,189.78,192.9,195.2,198.61,198.83,200.29,198.31,200.42,199.75,199.23,196.12,194.57,195.09,191.76,191.46,188.02,186.55,184.89,185.4,189.85,180.8,184.24,183.86,182.71,181.4,183.34,184.37,183.78,187.03,187.2,188.96,184.43,188.48,186.53,185.45,187.79,186.15,188.93,189.01,191.88,191.95,193.02,191.65,195.17,196.52,198.94,201.76,203.28,205.51,206.07,210.28,211.05,211.01,212.6,214.99,217.01,221.4,223.71,229.72,229.9,237.92,250.99,259.24,271.6,281.77,288.21,299.6,314.71,313.74,325.31,329.84,337.1,346.19,352.45,357.02,362.71,366.87,368.51,97.58
Virginia,,,,,,,,,,,,,,,,,,,,,,,,,,,,,,,,,,,,,,,,,,,,,,,,,,,,,,,,,,,,,,,,,100,99.33,99.02,99.93,100.37,99.92,100.31,100.7,100.29,101.01,101.27,101.67,102.37,102.71,103.28,103.6,103.6,104.28,104.99,105.06,105.72,106.15,106.5,106.89,106.91,107.46,108.25,109.12,109.55,110.33,111,112.47,114.19,115.37,116.96,118.4,120.41,122.63,125.27,128.32,132.24,135.24,138.49,141.87,145.43,149.05,152.84,156.37,160.25,164.77,169.49,175.16,180.51,186.62,194.57,202.33,209.7,217.58,225.61,232.94,238.13,240.69,241.33,245.56,246.9,246.74,243.44,236.05,220.19,213.65,205.19,194.37,195.87,192.41,194.65,197.25,197.46,197.06,193.54,192.66,190.16,189.19,190.09,190.72,194.26,194.99,196.46,198.9,203.69,205.19,207.07,208.14,209.45,210.78,212.23,213.69,213.69,216.02,217.35,218.39,218.81,222.14,224.18,226.02,227.72,231.03,233.33,235.95,237.94,240.09,242.85,245.16,248.17,250.5,253.42,257.37,260.83,263.78,273.12,282.83,291.96,301.94,311.25,321,332.15,340.89,342.44,347.18,350.9,357.72,365.96,371.72,378.87,384.04,389.3,394.69,99.02
Washington,,,,,,,,,,,,,,,,,,,,,,,,,,,,,,,,,,,,,,,,,,,,,,,,,,,,,,,,,,,,,,,,,100,100.73,100.65,102.99,103.84,104.51,106.14,107.5,108.3,109.66,111.44,113.15,114.94,116.84,117.66,118.31,119.7,118.42,119.17,120.14,120.6,121.35,122.2,122.73,123.94,125.68,128.01,129.61,132.31,135.04,136.59,139,140.71,143.09,144.76,147.1,149.05,150.08,151.77,153.85,156.05,157.5,159.71,161.11,163.59,165.68,166.89,170.41,172.33,174.9,178.51,182.79,188.14,193.65,198.88,206.22,212.59,222.21,233.02,241.12,249.58,257.25,262.72,268.36,274.78,276.21,276.78,274.56,269.53,264.97,257.78,247.96,246.54,237.82,232.97,233.07,231.9,228.69,223.92,217.84,211.52,205.45,203.18,200.96,201.49,206.25,209.98,216.47,219.59,223.83,231.31,230.62,233.54,237.32,242.22,245.51,252.37,258.61,263.89,272.76,278.39,284.75,292.22,300.32,308.08,317.56,324.67,333.53,343.99,350.35,356.42,359.88,365.74,369.24,378.23,388.24,398.45,400.71,420.68,443.5,462.35,487.23,508.44,530.51,558.04,567.26,559.48,549.77,545.37,549.05,563.31,568.21,572.72,578.04,582,587.91,100
West Virginia,,,,,,,,,,,,,,,,,,,,,,,,,,,,,,,,,,,,,,,,,,,,,,,,,,,,,,,,,,,,,,,,,100,99.92,99.62,102.98,103.61,107.13,105.76,107.45,108.28,111.42,114.02,113.47,116.39,117.7,119.26,121.74,123.87,123.11,125.5,126.47,128.1,126.33,128.78,127,126.72,131.46,127.82,130.88,130.16,133.48,132.78,134.03,135.32,134.82,135.67,136.46,137.22,137.85,138.17,137.78,140.16,137.81,141.12,142.45,144.69,145.59,146.6,149.43,151.43,153.8,153.91,155.86,159.51,161.36,166.33,169.99,170.35,175.86,179.45,181.5,184.06,184.44,185.65,184.52,191.83,189.09,191.72,190.57,190.4,191.11,186.74,188.1,184.82,187.06,185.78,183.23,183.59,186.23,187.12,187.01,184.14,179.86,182.76,182.17,192.91,185.06,186.36,191.91,191.29,191.56,190.82,192.17,197.33,197.4,200.62,192.26,197.27,200.8,201.42,205.1,202.35,205.01,203.8,204.91,203.89,205.94,205.33,205.68,208.63,209.99,211.76,206.51,217.26,216.08,218.57,222.41,218.9,220.43,228.26,235.99,243.21,249.88,260.04,265.84,276.9,285.72,281.78,279.34,290.75,291.32,303.7,313.87,300.95,326.72,320.56,329.94,99.62
Wisconsin,,,,,,,,,,,,,,,,,,,,,,,,,,,,,,,,,,,,,,,,,,,,,,,,,,,,,,,,,,,,,,,,,100,100.3,101.29,102.89,104.83,106.39,107.87,109.61,111.18,113.35,115.64,117.65,119.37,121.2,122.65,123.27,126.1,127.1,128.57,130.07,130.77,131.62,132.27,133.15,134.89,135.9,137,138.42,139.84,141.64,143.66,145.47,147.18,149.53,151.29,153.54,153.36,155.55,157.42,159.49,162.07,163.87,165.87,167.86,170,172.65,175.5,177.96,181.71,184.55,187.84,191.11,194.54,198.76,202.49,206.44,209.59,213.52,217.08,220.58,222.65,223.08,223.39,223.88,224.6,222.61,220.01,217.93,215,212.55,209.03,203.19,201.63,199.49,198.87,199.48,198.1,198.48,192.47,190.48,187.23,185.89,185.85,184.47,184.94,185.67,186.63,188.59,190.4,192.2,193.66,194.79,194.72,198.52,200.42,202.4,204.65,206.54,208.19,210.93,213.97,216.86,219.91,223.3,226.69,230.41,234.09,237.63,242.69,246.5,250.59,254.94,257.68,261.75,266.11,270.27,276.13,278.16,288.19,300.59,308.64,320.72,330.89,340.91,352.13,361.13,367.33,373.43,380.41,388.23,398.3,406.42,415.24,422.72,429.61,438.47,100
Wyoming,,,,,,,,,,,,,,,,,,,,,,,,,,,,,,,,,,,,,,,,,,,,,,,,,,,,,,,,,,,,,,,,,100,102.22,103.98,104.28,106.19,107.38,108.09,112.08,112.27,114.79,118.6,121.86,126.8,127.47,131.31,134.07,135.5,138.84,139.23,142.41,143.9,144.53,145.34,145.42,146.14,148.38,149.46,149.49,151.59,152.68,154.07,153.97,155.64,155.42,158.56,160.45,161.53,164.58,164.05,168.64,167.97,170.68,173.18,178.61,182.92,185.64,188.31,191.98,191.89,199.25,204.15,207.11,213.87,217.58,222.81,227.34,233.45,240.2,248.43,257.04,265.57,271.06,276.71,291.09,293.32,299.91,304.22,302.33,304.44,299.31,299.8,300.26,285.44,289.71,285.95,281.6,279.03,280.44,274.41,277.1,278.44,278.47,278.81,275.93,280.2,284.07,289.21,291.29,284.26,293.1,295,294.22,304.01,300.13,302.13,310.61,313.03,311.9,316.48,315.96,316.12,316.53,317.32,318.11,318.73,321.87,323.53,325.94,329.71,331.63,334.5,337.8,340.3,350.59,353.3,358.32,368.29,367.4,375.31,388.49,399.41,413.77,432.16,454.07,466.08,484.76,488.68,488.85,496.3,497.19,505.95,503.17,517.66,525.3,535.23,544.67,100
Grand Total,,,,,,,,,,,,,,,,,,,,,,,,,,,,,,,,,,,,,,,,,,,,,,,,,,,,,,,,,,,,,,,,,100,96.81,94.13,94.82,95.15,93.54,91.19,92.31,88.71,90.17,90.3,89.6,88.92,88.14,87.5,86.75,86.25,85.67,85.59,85.07,85.06,84.49,84.66,85.18,84.81,83.5,84.59,84.01,83.61,86.03,84.8,83.67,84.54,82.25,83.26,86.11,90.81,89.95,90.03,92.76,96.14,98.42,99.65,102.49,103.28,107.84,111.81,114.56,117.78,120.76,129.74,138.09,142.41,153.28,155.08,156.21,157.64,157.51,157.49,158.42,158.45,159.68,159.4,160.12,160.43,159.45,158.71,156.47,153.01,145.18,138.96,125.58,119.69,114.63,114.09,114.45,114.53,114.45,110.81,109.98,107.46,106.36,109,109.45,112.07,113.66,115.38,119.3,124.42,128.72,132.8,136.67,138.93,142.18,145.58,146.54,145.71,148.34,148.73,150.13,154.31,154.39,156.82,158.97,162.28,164.57,165.65,166.99,168.07,168.36,169.61,170.7,171.57,172.6,173.84,174.82,178.05,178.71,188.01,198.96,207.22,213.92,220.9,226.45,235.57,242.84,244.54,247.13,253.82,258.93,262.47,265.01,268.12,271.47,273.66,276.94,82.25
