Date,Alabama,Alaska,Arizona,Arkansas,California,Colorado,Connecticut,Delaware,District of Columbia,Florida,Georgia,Hawaii,Idaho,Illinois,Indiana,Iowa,Kansas,Kentucky,Louisiana,Maine,Maryland,Massachusetts,Michigan,Minnesota,Mississippi,Missouri,Montana,Nebraska,Nevada,New Hampshire,New Jersey,New Mexico,New York,North Carolina,North Dakota,Ohio,Oklahoma,Oregon,Pennsylvania,Rhode Island,South Carolina,South Dakota,Tennessee,Texas,Utah,Vermont,Virginia,Washington,West Virginia,Wisconsin,Wyoming
1991_2,101.29,99.54,99.78,99.91,99.16,100.36,96.81,99.84,98.08,100.11,99.67,98.13,100.62,100.4,99.89,100.54,99.71,100.32,99.92,99.07,100.04,97.97,100.63,98.71,99.16,100.41,100.59,101.22,99.85,98.02,99.24,100.43,99.13,100,100.19,100.59,100,100.71,99.67,97.26,100.82,102.7,100.18,100.08,100.65,99.38,99.33,100.73,99.92,100.3,102.22
1991_3,101.82,100.86,99.41,101.21,98.78,101.4,96.19,99.73,94.13,99.58,99.73,100.72,102.12,101.26,100.53,101.25,99.52,100.42,100.74,98.82,99.62,96.91,101.15,99.15,99.03,100.38,104.78,101.62,99.94,96.83,98.72,100.63,99.24,99.75,99.73,101.13,100.83,102.87,99.97,95.61,101.12,103.81,100.3,100.32,101.68,98.85,99.02,100.65,99.62,101.29,103.98
1991_4,102.7,100.92,100.73,102.8,99.11,103.02,95.85,99.17,96.51,100.35,100.55,100.2,105.31,102.28,101.4,102.52,100.77,101.69,100.92,98.27,100.43,97.43,102.04,100.22,100.73,100.91,109.59,101.91,101.44,94.82,99.14,103.02,99.7,100.94,100.84,102.23,101.34,105.13,100.9,95.91,102.28,103.11,101.54,100.11,103.69,98.51,99.93,102.99,102.98,102.89,104.28
1992_1,103.94,101.94,100.94,102.81,99.1,105.54,96.18,99.77,97.19,100.98,101.34,103.26,105.93,103.35,102.34,103.71,101.68,103.2,102.68,101.2,101.58,98.55,103.7,101.14,102.79,101.44,109.85,105.23,102.73,95.15,100.23,105.32,101.09,101.93,102.54,104.21,102.16,107.37,101.86,96.41,103.05,107.67,101.98,101.95,105.19,99.85,100.37,103.84,103.61,104.83,106.19
1992_2,104.23,102.82,101.2,103.6,97.47,107.93,94.55,99.75,95.73,100.75,100.76,98.45,107.81,104.3,103.77,105.84,101.78,103.44,103.67,97.47,100.29,95.64,103.6,102.05,102.51,101.85,111.44,106.56,101.5,93.54,99.67,105.31,100.21,101.92,103.47,104.84,102.05,109.79,101.78,94.2,103.39,107.02,102.08,101.68,106.81,100.42,99.92,104.51,107.13,106.39,107.38
1992_3,105.91,103.98,102.16,104.8,96.99,109.93,93.18,98.74,96.45,101.71,102.09,102.82,109.85,104.93,104.86,107.09,103.45,105.28,104.4,97.92,101.61,96.19,104.65,103.35,103.18,102.1,115.48,108.34,103.17,91.19,99.06,107.08,100.3,103.33,103.85,106.06,103.08,112.15,101.9,94.83,104.34,110.03,103.9,102.64,108.67,99.8,100.31,106.14,105.76,107.87,108.09
1992_4,107.2,104.53,102.88,105.42,95.49,113.33,94.34,99.85,95.63,102.04,102.7,102.75,112.97,106.6,105.74,108.23,104.22,106.75,105.83,98.39,101.63,96.62,105.73,104.28,103.07,103.06,119.04,110.38,103.9,92.31,100.22,109.29,100.8,104.12,105.83,107.2,104.38,114.56,102.3,94.53,105.56,111.62,104.47,103.62,112.71,100.75,100.7,107.5,107.45,109.61,112.08
1993_1,107.7,103.29,103.99,107.37,93.65,115.74,90.89,98.98,91.88,102.29,103.12,102.03,115.66,107.37,107,110.87,105.4,107.67,106.18,94.03,100.82,94.94,105.6,105.4,103.9,102.79,122.4,110.42,103.93,88.71,99.35,111.07,99.9,104.09,106.51,108.05,105.01,116.66,102.41,93.64,105.38,113.21,104.72,103.93,116.43,99.93,100.29,108.3,108.28,111.18,112.27
1993_2,108.84,106.34,105.19,109.14,92.47,119.31,91.61,98.58,94.32,103.5,104.06,103.18,118.46,108.39,108.35,112.13,106.62,109.41,107.85,95.46,101.11,96.1,106.75,106.83,106.01,104.12,126.53,113.64,104.77,90.17,99.59,114.3,100.94,105.54,109.66,109.45,106.58,119.34,103.05,92.89,105.75,116.19,106.49,105.09,120.86,100.24,101.01,109.66,111.42,113.35,114.79
1993_3,110.69,107.3,106.72,111.19,90.84,123.55,91.38,98.79,95.19,103.87,104.74,100.12,122.19,109.93,109.73,114.41,108.79,110.35,110.03,94.95,101.74,96.47,107.75,108.05,106.92,105.13,129.37,115.37,104.98,90.3,99.78,116.84,100.42,106.47,112.41,111.06,108.23,122.22,103.18,92.86,107.23,117.7,107.89,106.19,127.03,98.1,101.27,111.44,114.02,115.64,118.6
1993_4,111.87,110.25,108.76,111.36,90.01,127.77,91.06,97.82,89.6,104.88,105.63,101.86,124.49,110.72,111.32,117.56,110.85,111.48,112.37,95.28,101.62,96.31,109.07,109.27,109.02,106.24,132.98,118.4,105.98,91.11,99.9,119.74,100.42,107.77,114.14,112.51,109.76,125.86,104.1,92.39,108.21,121,109.49,107.38,131.97,101.18,101.67,113.15,113.47,117.65,121.86
1994_1,113.57,111.07,109.72,115.06,88.92,131.69,90.77,96.79,94.78,105.6,106.51,99.66,126.61,112.67,112.54,118.62,112.34,114.27,114.2,95.2,101.92,96.83,110.43,110.64,110.22,107.51,137.24,119.24,107.43,91.14,100.02,124.17,99.79,109.33,115.53,113.59,111.13,128.74,104.41,92.03,108.91,123.74,111.28,108.45,136.98,101.31,102.37,114.94,116.39,119.37,126.8
1994_2,114.57,111.35,112.04,116.18,88.14,135.44,91.46,99.65,94.49,106.13,107.74,101.31,129.75,113.83,113.46,119.77,114.72,115.46,115,95.16,102.44,97.04,111.81,111.78,111.49,108.57,141.26,120.14,108.01,90.41,100.34,126.33,99.77,110.98,116.7,115.25,112.37,132.41,104.51,92.98,110.48,124.81,112.68,108.97,143.72,100.25,102.71,116.84,117.7,121.2,127.47
1994_3,115.86,111.82,113.92,116.74,87.5,138.11,90.83,98.84,94.16,107.11,108.81,100.92,131.54,114.55,114.63,121.3,115.55,116.77,115.67,95.07,101.69,97.17,113.56,112.42,112.87,109.74,142.27,122.13,109.4,91.14,100.74,130.11,99.32,112.68,118.3,116.2,113.37,135.01,104.93,91.7,110.57,125.63,114.29,109.41,148.09,100.72,103.28,117.66,119.26,122.65,131.31
1994_4,117.03,111.59,115.92,118.91,86.75,139.98,90.57,99.57,90.23,107.81,109.69,98.64,132.22,115.41,116.11,122.29,116.39,117.74,116.57,94.31,101.43,97.58,115.32,113.5,113.88,110.97,145.61,122.9,109.71,91.24,100.55,132.14,98.4,114.16,119.46,117.49,114.61,138.24,104.39,91.09,111.42,128.71,115.48,109.95,151.35,98.16,103.6,118.31,121.74,123.27,134.07
1995_1,118.36,114.24,117.36,119,86.25,141.65,90.54,99.73,90.59,108.32,110.56,99.42,134.12,115.99,117.93,123.38,118.85,118.78,117.65,94.19,101.45,97.88,117.6,113.87,115.6,112.02,147.31,125.52,110.43,90.13,100.56,133.22,98.46,115.34,121.61,118.86,114.94,141.7,103.65,90.93,113,126.05,117.82,110.34,154.55,97.58,103.6,119.7,123.87,126.1,135.5
1995_2,119.25,115.39,119,121.09,85.67,143.32,90.09,98.94,86.55,108.74,111.78,96.71,134.72,117.25,118.19,125.09,119.88,120.27,120.32,94.68,100.72,98.35,119.93,115.37,116.63,113.18,148.85,127.66,112.52,92.22,100.65,135.11,98.58,116.28,122.48,119.62,115.71,143.28,104.66,91.06,113.92,130.79,118.65,110.81,156.4,98.04,104.28,118.42,123.11,127.1,138.84
1995_3,120.35,116.99,120.42,122.42,85.59,145.78,90.43,99.35,88.07,109.77,113.2,94.79,135.55,118.33,120.16,127.01,121.55,121.44,122.66,94.69,101.63,99.08,122.38,117.2,118,114.5,152.72,128.85,112.89,92.92,100.87,137.01,98.92,117.59,120.03,121.18,117.71,146.16,104.82,91.2,114.61,130,120.44,111.61,160.45,100.87,104.99,119.17,125.5,128.57,139.23
1995_4,121.5,117.78,121.75,123.28,85.07,147.5,90.67,99.25,93.1,110.11,114.59,94.93,136.87,118.93,120.71,128.34,123.29,123.37,124.53,95.36,101.75,99.82,125,118.7,119.31,115.36,152.65,130.35,113.2,93.54,101.21,136.33,98.25,118.89,123.78,122.5,118.02,148.25,104.94,91.08,114.84,132.75,122.61,112.28,163.32,98.16,105.06,120.14,126.47,130.07,142.41
1996_1,122.53,120.46,123.85,124.03,85.06,149.52,90.89,99.64,90.97,110.63,116.04,91.57,136.9,120.09,122.14,130.03,124.39,123.63,126.09,98.06,102.11,101.09,127.5,119.93,120.1,116.28,153.53,131.55,113.87,94.6,101.44,137.04,99.69,120.68,123.3,124.08,119.02,150.88,105.21,90.94,117.07,134.02,123.62,112.9,167.71,101.86,105.72,120.6,128.1,130.77,143.9
1996_2,124.46,120.32,124.92,125.3,84.49,151.35,91.2,99.41,92.21,111.42,117.04,94.01,137.26,120.96,123.82,130.91,125.87,125.16,127.38,97.43,101.97,101.99,129.97,121.58,121.5,118.13,156.13,133.91,114.54,94.67,102.06,138.46,98.91,121.63,124.41,125.47,120.21,154.07,105.57,91,118.14,134.45,125.16,113.44,170.05,100.61,106.15,121.35,126.33,131.62,144.53
1996_3,124.88,119.85,126.17,124.96,84.66,152.92,90.64,100.1,90.68,111.95,118.13,90.22,138.05,121.37,125.01,132.23,126.68,126.81,128.51,97.3,102.18,102.95,132.29,122.24,123.28,118.57,157.85,135.59,114.69,95.25,101.48,137.89,98.96,123.4,125.88,126.36,121.08,156.35,105.95,90.67,118.74,137.7,126.86,113.98,172.73,98.25,106.5,122.2,128.78,132.27,145.34
1996_4,125.54,123.62,126.68,125.62,85.18,155.12,90.43,100.19,92.85,112.24,118.69,88.91,139.27,122.18,125.75,132.94,127.4,128.02,128.86,96.52,102.12,104.26,134.36,124.08,124.27,120.13,157.58,136.54,115.28,95.21,101.95,137.56,98.93,124.11,126.37,127.33,121.59,158.98,105.91,90.05,122.13,138.02,127.67,114.23,174.81,98.47,106.89,122.73,127,133.15,145.42
1997_1,127.45,122.41,128.01,127.35,84.81,156.58,91.07,100.41,86.15,113.18,120.48,86.31,139.2,122.46,126.04,133.94,127.83,129.36,130.95,98.33,102.44,104.61,136.53,125.17,124.72,121.65,160.78,138.64,116.32,96.89,102.55,138.54,99.35,125.53,127.36,128.04,122.92,161.89,106.56,91.36,122.04,137.01,129.1,114.8,175.38,98.03,106.91,123.94,126.72,134.89,146.14
1997_2,127.48,123.74,129.2,127.47,86.29,158.17,91.83,100.99,93.84,113.66,121.38,83.5,139.66,123.15,127.11,135.04,129.93,130.14,132.31,97.94,102,106.69,138.59,125.87,126.03,122.23,159.64,140.69,116.23,97.55,102.92,139.78,100.32,127.19,127.07,128.99,123.49,162.79,106.28,90.88,122.5,140,130.35,115.67,177.31,99.74,107.46,125.68,131.46,135.9,148.38
1997_3,128.89,124.54,130.46,127.91,87.4,160.04,92.28,101.76,89,114.06,122.83,84.59,140.82,123.78,127.87,135.84,131.81,131.39,133.94,99.06,102.38,107.84,140.21,127.35,126.63,123.39,158.57,141.64,117.41,98.84,103.58,138.2,100.45,127.76,129.88,130.08,124.12,164.75,106.65,91.09,123.53,141.7,130.63,116.28,178.48,101.34,108.25,128.01,127.82,137,149.46
1997_4,129.28,126.2,131.86,129.15,88.93,162.29,93.22,100.86,93.11,115.51,124.39,84.01,141.09,124.36,128.84,137.4,133.12,131.87,135.76,101.37,103.13,110.14,142.55,128.35,127.77,125.09,160.66,144.16,117.29,100.46,104.86,138.97,101.24,129.37,129.16,130.87,125.23,165.86,107.35,92.37,125.29,142.35,131.64,117.67,179.46,100.41,109.12,129.61,130.88,138.42,149.49
1998_1,130.06,126.32,133.32,129.17,91.07,164.82,93.88,102.94,95,116.95,126.26,83.61,142.24,125.41,129.85,139.32,135.75,132.96,137.28,101.74,104.19,112.55,144.63,130.46,129.34,126.37,162.34,146.89,116.87,102.77,105.84,139.39,102.07,130.44,128.82,132.5,126.61,166.3,107.82,92.9,126.56,145.93,133.14,119.57,181.63,100.86,109.55,132.31,130.16,139.84,151.59
1998_2,131.83,128.16,135.32,129.24,93.68,167.57,95.36,103.67,97.75,118.13,128.26,86.03,143.05,126.08,131.01,141,136.28,135.24,139.3,102.94,104.61,115.31,146.98,132.61,130.56,127.52,162.52,146.48,117.94,105.51,107.11,139.9,103.98,131.64,131.88,133.44,128.49,168.9,108.9,94.1,127.97,145.71,134.88,121.01,183.72,101.7,110.33,135.04,133.48,141.64,152.68
1998_3,133.3,129.17,137.12,131.81,95.74,170.46,97.21,105.38,100.23,119.42,130.11,84.8,143.82,127.43,131.94,142.49,138.67,136.23,140.7,104.17,104.93,118.33,149.42,135.7,132.08,129.21,163.4,147.4,118.38,108.11,108.2,141.33,105.88,133.16,133.67,134.63,129.28,170.1,109.26,95.09,129.9,145.44,136.19,123.05,183.55,102.03,111,136.59,132.78,143.66,154.07
1998_4,135.16,131.37,138.78,132.37,98.03,174.63,99.26,105.69,104.16,120.71,132.4,83.67,144.35,129.31,134.09,145.82,142.61,138.35,143.27,106.43,106.64,120.99,152.23,138.97,133.54,130.93,164.79,153.49,119.49,110.59,109.66,142.95,107.67,134.63,136.1,136.49,132.09,171.55,110.7,96.41,131.81,146.26,137.62,124.84,186.32,103.53,112.47,139,134.03,145.47,153.97
1999_1,136.02,132.39,141.06,133.77,100.52,178.63,101.61,107.37,105.02,122.35,134.89,84.54,146.1,130.91,134.83,146.16,144.78,140.34,144.91,108.32,108.43,124.25,154.76,141.82,134.9,132.85,165.23,153.79,120.64,112,111.7,143.89,109.36,136,135.61,138.33,133.48,173.01,111.7,98.51,133.14,150.88,139.49,126.66,186.75,105.01,114.19,140.71,135.32,147.18,155.64
1999_2,137.21,132.4,142.94,134.63,102.86,183.54,103.38,109.61,107.08,124.33,136.94,82.25,147.46,132.56,135.77,148.73,145.92,141.87,146.55,110.42,109.82,128.07,157.22,146.19,136.81,135.03,168.19,154.85,120.77,117.21,113.82,142.84,111.88,137.59,135.9,139.67,134.76,174.8,112.7,100.02,135.92,151.26,140.06,128.8,187.99,106.02,115.37,143.09,134.82,149.53,155.42
1999_3,137.96,133.82,145.19,135.63,105.25,189.43,105.42,110.34,110.76,125.88,139.75,83.26,147.98,134.47,137.72,149.96,147.27,143.88,147.74,113.14,110.99,132.02,159.7,149.46,137.64,137.19,171.11,156.16,122.21,118.82,116.11,143.84,114.41,138.67,136.35,141.32,137.07,175.9,114.05,101.54,137.68,152.73,141.67,130.68,188.47,108.03,116.96,144.76,135.67,151.29,158.56
1999_4,139.42,131.92,146.93,136.5,108.2,193.59,107.62,112.08,112.56,128,141.77,86.11,149.62,136.32,137.87,151.78,147.61,145.16,147.49,115.5,113.12,135.7,162.31,153.1,138.59,139.01,171.73,156.51,123.36,122.3,118.22,145.4,116.86,140.42,135.97,142.58,137.63,176.83,115.04,104.76,138.95,154.24,143.21,133.04,190.04,110.7,118.4,147.1,136.46,153.54,160.45
2000_1,140.76,133.14,149.48,136.97,111.62,199.01,110.34,114.38,116.76,130.45,143.94,90.81,150.7,138.35,140.56,153.25,150.43,147.49,151.6,117.17,114.57,140.35,165.28,157.76,139.83,141.49,173.14,157.96,123.93,126.98,120.82,144.64,119.56,140.95,139.11,143.84,139.41,179.09,116.64,107.35,140.79,155.95,143.79,135.58,190.9,110.39,120.41,149.05,137.22,153.36,161.53
2000_2,141.37,135.54,151.3,139.18,114.98,204.1,113.26,116.08,121.46,132.73,146.75,89.95,150.82,140.6,140.99,154.68,151.73,148.21,152.36,119.88,117.04,145.67,168.18,162.11,140.85,143.7,174.54,159.64,125.84,131.39,123.9,145.37,121.92,142.7,139.4,145.38,140.59,179.38,118.11,111.49,143.04,158.59,145.21,137.66,191.71,114.63,122.63,150.08,137.85,155.55,164.58
2000_3,142.05,137,152.94,139.39,118.69,210.04,114.66,117.67,123.35,135.54,148.48,90.03,150.26,142.99,141.97,156.46,153.37,149.46,154.35,122.89,118.06,150.1,170.48,166.31,141.34,145.44,176.97,160.6,125.89,135.5,126.87,145.95,125.05,144.42,140.27,146.74,141.84,180.74,119.12,115.04,143.71,161,145.76,140.07,193.55,116.93,125.27,151.77,138.17,157.42,164.05
2000_4,142.52,137.34,155.54,140.73,123.53,215.67,117.4,119.76,127.9,138.76,150.83,92.76,153.78,145.22,142.16,156.91,154.13,150.62,154.47,125.82,119.72,156.03,172.45,171.28,141.84,147.81,177.63,161.71,128.02,142.61,130.02,144.89,128.33,145.47,138.06,147.91,143.38,183.49,120.93,117.6,145.01,160.93,146.43,142.07,193.35,119.69,128.32,153.85,137.78,159.49,168.64
2001_1,143.73,140.71,157.64,142.68,127.84,222.04,120.34,120.81,131.6,142.22,152.83,96.14,155.15,147.98,143.68,159.15,155.93,151.67,156.91,129.01,122.72,162.07,174.74,176.02,143.04,149.33,184.31,162.4,130.79,146.09,133.29,148.33,130.91,146.91,143.13,149.37,144.7,185.85,123.02,120.34,146.22,163.36,147.52,143.84,195.18,122.6,132.24,156.05,140.16,162.07,167.97
2001_2,144.39,143.18,160.25,143.17,131.24,225.53,123.29,121.82,136.48,145.97,154.91,98.42,156.95,150.45,144.41,160.3,158.3,153.3,157.17,132.9,124.91,167.2,176.53,180.92,143.94,152.33,184.36,164.34,133.34,151.27,136.74,149.11,134.27,147.92,142.64,150.68,146.47,188.08,125.09,125.55,147.62,164.82,148.18,145.5,195.8,125.68,135.24,157.5,137.81,163.87,170.68
2001_3,144.79,145.34,162.44,144.8,134.03,227.11,126.74,124.21,142.65,150.08,156.46,99.65,157.28,152.76,144.78,161.41,159.77,154.51,158.78,136.3,127.59,172.23,178.75,185.44,144.81,154.12,184.4,165.4,135.07,155.74,141.24,150.36,137.85,148.66,142.38,151.67,147.53,190.22,127.2,130.47,149.12,166.49,148.86,146.61,195.74,128.52,138.49,159.71,141.12,165.87,173.18
2001_4,145.69,149.26,165.49,145.74,137.66,228.71,129.32,127.88,146.93,154.17,158.11,102.49,158.23,154.88,146.94,163.12,162.29,156.18,160.96,137.52,130.5,176.73,180.45,188.87,145.36,155.49,188.94,166.14,137.76,158.54,144.82,150.49,141.57,149.12,146.96,153.07,148.41,192.1,129.13,135.24,149.78,169.68,150.72,147.67,196.7,131.07,141.87,161.11,142.45,167.86,178.61
2002_1,145.73,149.57,166.7,146.93,142.18,232.42,132.49,129.19,151.12,157.94,160.41,103.28,158.54,157.59,147.41,163.85,162.95,156.85,162.21,144.33,133.45,181.87,182.21,192.85,145.94,158.51,192.94,168.27,140.33,162.95,149.12,152.48,145.56,150.71,147.22,154.88,150.53,194.88,131.61,140.32,152.07,169.14,151.68,148.81,197.65,134.57,145.43,163.59,144.69,170,182.92
2002_2,146.94,152.57,169.38,149.2,148.4,233.27,136.75,132.84,157.87,162.75,161.06,107.84,160.72,160.17,147.92,165.58,164.15,158.64,163.64,147.5,137.78,188.49,183.99,197.78,145.81,160.21,193.79,169.5,142.21,168.05,154.1,155.58,149.44,151.59,149.89,155.32,151.04,197.81,134.19,147.62,152.21,172.6,152.16,150.39,197.76,137.46,149.05,165.68,145.59,172.65,185.64
2002_3,147.57,156.29,172.08,150.38,155.2,235.78,140.63,137.08,162.35,167.17,162.92,111.81,162.09,162.78,148.63,167.58,165.78,159.03,164.9,152.43,143.21,195.74,185.14,202.33,148.74,162.11,198.6,171,145.72,175.44,160.29,157.14,154,153,152.4,157.14,152.21,200.81,137.01,155.39,153.46,172.11,154.33,151.25,198.78,140.34,152.84,166.89,146.6,175.5,188.31
2002_4,148.85,157.72,175.88,152.17,161.24,237.89,145.35,139.23,168.59,172.34,165.18,114.56,164,165.83,149.06,169.49,167.37,161.81,167.55,157,147.8,201.5,187.41,206.49,149.15,164.38,202.32,173.22,149.5,181.42,166.32,159.04,158.17,154.41,156.22,158.79,154.7,203.75,140.78,163.18,155.65,174.94,154.67,152.57,201.9,141.75,156.37,170.41,149.43,177.96,191.98
2003_1,150.49,161.03,179.41,154.35,167.29,238.68,148.8,143.72,177.5,178.02,167.07,117.78,166.91,168.37,150.98,171.05,169.34,163.27,168.48,160.68,151.83,205.44,188.82,210.96,149.96,166.1,205.06,175.15,153.27,185.94,171.91,160.82,164.41,155.69,158.08,160.09,155.26,207.62,143.47,169.07,155.41,176.15,156.83,153.31,200.87,145.58,160.25,172.33,151.43,181.71,191.89
2003_2,151.21,163.27,182.27,156.22,173.23,239.12,151.3,147.37,182.01,183.01,167.71,120.76,167.67,171.42,151.14,172.08,169.65,165.21,171.04,164.32,157.37,210.02,189.43,214.5,151.16,168.78,211.39,176.4,157.08,190.79,176.96,162.44,166.84,156.58,159.53,161.46,157.02,211.68,146.34,175.77,157.82,178.78,158.29,153.9,203.78,147.22,164.77,174.9,153.8,184.55,199.25
2003_3,152.69,165.62,186.05,159.12,180.35,240.55,155.14,150.01,189.25,188.75,169.29,129.74,171.37,174.22,151.69,173.93,172.86,167.47,172.8,167.37,163.87,213.92,191.78,218.18,152.03,171.29,216.68,177.87,164.22,194.77,182.71,164.93,171.01,157.71,161.93,162.75,158.91,214.58,149.99,182.19,159.33,182.88,159.78,154.84,205.45,151.28,169.49,178.51,153.91,187.84,204.15
2003_4,153.57,171.27,192.41,160.76,190.88,242.42,159.1,155,194.36,196.22,170.08,138.09,173.52,177.77,152.35,175.12,174.24,168.74,174.54,175.27,168.59,221.86,193.22,223.68,153.26,173.54,219.44,179.62,174.14,199.58,188.57,167.71,175.36,159.08,164.01,164.24,160.3,220.06,152.37,190.5,160.24,184.7,162.31,155.8,205.87,156.57,175.16,182.79,155.86,191.11,207.11
2004_1,156.07,175.51,198.36,164.36,200.88,244.64,162.95,160.59,201.98,204.05,171.76,142.41,176.6,180.32,153.11,177.22,176.08,172.29,176.51,176.57,174.59,226.59,194.82,226.98,154.89,176.83,224.06,182.04,186.33,204.84,194.75,170.8,179.69,160.63,166.45,165.72,162.04,225.6,156.57,198.75,163.29,186.14,163.28,157.07,209.64,159.27,180.51,188.14,159.51,194.54,213.87
2004_2,156.7,177.49,204.94,166.84,213.37,248.49,168.23,166.25,214.19,214.21,173.68,153.28,182.77,183.23,154.09,179.63,178.53,172.49,180.45,183.74,183.52,231.42,195.95,230.28,156.45,179.47,230.45,181.9,204.27,209.31,203.15,174.04,184.56,164.25,170.1,166.78,164.14,231.01,161.48,206.76,164.77,188.27,165.99,158.6,213.52,163.93,186.62,193.65,161.36,198.76,217.58
2004_3,158.95,183.48,215.18,169.14,227.66,251.46,173.76,172.58,220.85,225.6,175.98,165.47,189.32,186.48,155.08,181.03,179.03,174.39,182.6,189.3,193.08,236.97,197,234.57,157.82,181.16,236.27,186.29,219.4,212.68,210.56,177.95,188.98,165.18,173.92,168.12,163.27,239.34,165.57,215.8,168.62,192.88,168.8,159.95,217.2,168.08,194.57,198.88,166.33,202.49,222.81
2004_4,161.13,187.9,227.92,172.34,239.35,252.54,177.78,178.99,233.63,237.59,178.19,170.11,192.7,188.93,156.21,184.06,181.1,176.99,184.38,191.41,200.72,242.05,198.64,237.88,159.16,185.02,242.16,187.95,229.92,219.62,218.92,181.36,193.4,168.43,176.16,169.41,167.12,247.72,171.06,219.67,170.69,194.17,170.38,161.47,222.45,174.16,202.33,206.22,169.99,206.44,227.34
2005_1,166.09,192.56,244.16,175.08,251.9,257.39,182.34,184.46,244.63,252.77,180.67,179.51,200.73,192.36,157.64,184.18,183,178.37,187.37,199.8,210.2,246.11,199.55,240.53,160.74,187.44,248.9,189.73,239.66,224.01,226.69,187.1,198.86,171.67,179.9,170.7,168.95,256.22,173.75,230.05,173.13,196.87,174.33,163.45,227.33,181.14,209.7,212.59,170.35,209.59,233.45
2005_2,168.09,197.1,267.1,177.28,264.68,259.53,186.37,192.4,257.69,269.54,183.4,194.88,206.51,195.67,157.51,188.15,185.34,180.19,191.61,203.59,222.39,249.85,199.66,244.04,163.66,189.51,256.39,189.04,253.7,226.43,235.04,193.58,203.05,174.2,183.34,171.98,171.36,267.15,178.83,231.79,176.39,201.26,176.56,165.89,233.67,185.37,217.58,222.21,175.86,213.52,240.2
2005_3,170.8,203.99,288.18,181.01,276.82,262.83,189.96,199.5,269.73,286.99,186.47,203.19,216.86,199.21,157.49,187.98,186.53,182.32,195.36,206.92,235.16,251.4,199.95,247.19,167.08,192.01,262.58,191.66,257.19,231.67,243.13,200.64,209.66,177.75,186.11,172.49,174.3,282.14,184.8,235.41,180.06,201.13,179.92,168.41,243.64,189.78,225.61,233.02,179.45,217.08,248.43
2005_4,174.73,207.53,302.8,185.02,283.61,267.58,193.49,206.54,279.09,298.81,190.25,206.22,228.41,202.49,158.42,190.1,188.18,184.19,202.25,209.43,245.18,250.68,198.69,250.35,172.02,194.95,270.98,193.05,268.49,233.48,249.93,207.47,211.98,181.66,191.08,173.49,176.99,295.02,188.69,234.97,185.59,208.55,184.15,171.11,254.14,192.9,232.94,241.12,181.5,220.58,257.04
2006_1,178.52,212.89,314.58,186.7,286.62,269.37,195.86,212.87,285.81,306.5,192.67,216.48,235.76,205.59,158.45,192.32,191.89,187.54,205.2,210.52,252.39,249.01,196.45,250.5,175.84,196.13,279.76,193.91,273.44,235.44,255.25,213.94,214.78,185.47,190.11,174.3,180.03,304.66,192.03,236.6,188.2,208.01,187.96,174.1,263.66,195.2,238.13,249.58,184.06,222.65,265.57
2006_2,179.91,215.8,317.96,189.18,284.57,269.87,196.08,213.63,290.32,309.12,194.13,212.56,245.44,207.68,159.68,193.86,192.12,187.48,208.28,210.74,257.77,245.18,195.13,250.22,178.05,196.05,284.39,195.85,271.03,235.1,257.46,220.29,216.21,187.73,197.06,174.12,182.18,315.01,193,236.86,191,211.16,190.77,176.08,273.82,198.61,240.69,257.25,184.44,223.08,271.06
2006_3,180.89,218.02,313.69,190.62,278.79,270.53,193.46,217.28,293.58,308.54,195.01,211.31,249.22,208.19,159.4,194.44,194.35,188.32,211.61,210.85,258.33,242.17,192.9,248.53,180.05,195.9,291.33,196.37,267.33,231.52,255.9,226.64,214.55,190.98,197.69,173.39,182.83,321.58,195.02,234.05,192.62,212.33,193.04,178.7,284.25,198.83,241.33,262.72,185.65,223.39,276.71
2006_4,182.52,219.67,320.1,192.3,273.38,273.64,193.9,218.79,297.76,307.78,198.48,213.89,257.16,208.17,160.12,194.88,195.49,189.1,212.69,210.79,261.81,239.63,190.27,247.71,182.21,197.1,296.47,196.39,265.94,228.1,254.19,231.48,215.15,195.35,200.32,172.7,184.82,324.84,196.46,231.61,197.09,214.87,195.81,181.94,297.03,200.29,245.56,268.36,184.52,223.88,291.09
2007_1,182.91,223.31,317.86,192.21,272.57,272.85,196.63,217.54,300.25,305.58,199.26,217.64,259.43,212.2,160.43,196.74,197.55,189.53,216.04,209.64,263.11,237.4,187.03,249.57,184.89,196.61,300.35,197.26,263.37,227.83,255.48,234.23,214.95,197.37,203.01,172.71,189.87,332.97,198.29,227.48,198.09,216.5,197.79,184.8,306.88,198.31,246.9,274.78,191.83,224.6,293.32
2007_2,183.16,225.96,310.49,194.26,266.05,272.97,194.74,217.91,289.74,300.92,200.31,215.48,262.29,209.5,159.45,197.26,198.67,188.96,215.31,209.78,257.51,237.28,180.61,247.23,185.93,194.5,308.38,197.2,258.39,224.64,254.66,236.29,216.93,198.13,204.47,168.38,188.52,334.86,199.6,223.62,200.99,217.35,197.69,186.29,315.39,200.42,246.74,276.21,189.09,222.61,299.91
2007_3,183.17,223.9,296.03,194.4,251.77,271.81,194.29,218.1,289.96,286.69,197.47,212.23,260.28,207.52,158.71,198.43,199.52,188.28,214.59,209.88,250.87,233.78,171.42,243.19,185.12,191.06,310.35,196.93,247.73,219.93,249.42,235.59,215.8,199.89,206.95,164.06,192.19,331.13,197.87,218.46,200.7,219.16,196.18,187.53,317.34,199.75,243.44,276.78,191.72,220.01,304.22
2007_4,180.69,222.54,279.54,193.29,233.49,267.49,192.07,214.34,282.6,274.94,193.93,208.51,259.22,204.25,156.47,197.07,198.46,187.27,214.46,208.66,244.8,229.93,162.22,237.19,185.71,185.75,312.9,195.77,234.81,216.88,244.42,234.68,214.81,198.67,206.53,159.74,193.32,327.75,196.3,212.67,199.37,221.09,194.03,188.48,313.33,199.23,236.05,274.56,190.57,217.93,302.33
2008_1,178.93,219.24,262.12,189.72,212.85,263.67,188.72,211.7,283.14,255.73,189.12,207.21,259.21,197.22,156.04,197.34,197.11,185.74,212.52,206.51,238.33,227.33,153.01,233.2,179.14,182.2,312.04,193.25,216.9,212.5,239.3,233.9,212.43,198.58,209.05,155.85,192.35,321.98,194.13,203.53,200.42,222.54,191.55,187.93,311.6,196.12,220.19,269.53,190.4,215,304.44
2008_2,177.86,222.89,243.37,188.25,193.74,262.65,185.56,206.97,269.78,234.64,183.25,205.85,249.35,193.17,152.13,195.77,196.75,184.17,211.62,203.51,227.65,220.7,145.18,226.33,178.76,178.77,308.84,191.62,197.5,207.54,231.46,231.44,209.62,197.09,210.29,152.4,191.86,316.47,192.46,195.21,198.2,222.07,188.77,187.44,304.47,194.57,213.65,264.97,191.11,212.55,299.31
2008_3,175.62,220.77,223.28,188.08,180.55,259.36,181.83,202.26,263.96,216.34,175.46,196.45,244.27,187.04,151.23,194.68,194.5,182.66,212.47,200.48,217.96,217.14,138.96,219.66,176.59,177.1,308.35,190.98,181.63,204.53,223.99,230.63,205.25,194.06,211.23,147.3,191.33,308.31,190.01,183.47,195.12,222.24,185.81,188.14,295.12,195.09,205.19,257.78,186.74,209.03,299.8
2008_4,171.48,223.82,201.09,184.94,167.85,253.04,176.28,197.46,258.99,202.36,165.98,202.35,235.12,178.72,143.12,195.24,193.98,179.23,209.78,193.33,207.66,215.49,125.58,210.93,173.84,169.01,298.8,190.45,161.8,196.6,216.63,223.74,201.21,189.98,210.71,139.71,187.13,297.62,186.38,177.66,189.3,220.51,180.35,186.04,284.22,191.76,194.37,247.96,188.1,203.19,300.26
2009_1,167.68,225.81,180.12,184.11,158.12,252.09,170.1,190.88,249.9,192.56,158.34,193.55,228.82,171.82,137.7,193.21,195.29,178.26,210.93,196.46,201.64,215.31,119.69,205.32,170.65,167.92,303.41,189.36,150.37,193,209.71,219.53,197.81,187.48,209.54,136.24,190.5,294.36,184.37,173.91,192.95,221.98,177.3,186.12,278.28,191.46,195.87,246.54,184.82,201.63,285.44
2009_2,166.17,215.88,171.73,183.22,153.81,254.08,168.24,190.31,248.62,186.97,154.99,180.69,224.88,167.74,139.04,192.81,192.88,178.03,210.04,193.54,194.01,213.32,114.63,203.06,170.18,167.45,297.71,190.57,141.45,191.5,203.51,217.97,196.99,186.85,213.9,138.09,192.24,283.01,183.19,170.17,189.87,222.5,176.89,185.97,267.67,188.02,192.41,237.82,187.06,199.49,289.71
2009_3,165.89,214.69,172.99,183.5,155.51,257.89,168.06,187.5,248.62,184.82,155.14,183.33,218.09,165.82,139.49,194.31,193.32,178.38,210.29,190.35,190.65,213.37,114.09,203.18,169.11,167.73,296.99,191.69,132.64,189.79,200.81,217.24,197.46,186.23,214.21,140.05,192.36,277.46,182.96,171.19,189.7,219.58,177.49,186.16,264.81,186.55,194.65,232.97,185.78,198.87,285.95
2009_4,165.19,215.16,174.05,188.05,158.03,259.5,169.18,187.87,247.13,183.78,155.07,179.54,211.86,164.78,140.79,194.14,194.69,179.37,210.63,189.36,188.41,213.71,114.45,204.6,168.42,170.92,295.68,193.16,134.89,191.72,199.28,217.18,197.72,186.07,215.35,141.59,191.42,275.77,183.78,170.5,185.8,223.03,177.76,187.38,262.67,184.89,197.25,233.07,183.23,199.48,281.6
2010_1,160.75,213.98,170.95,178.07,158.37,259.11,163.67,184.82,247.84,179.85,151.55,178.42,203.87,162.27,139.14,193.54,190.77,178.17,210.72,187.45,183.61,211.39,114.53,204.12,167.16,165.82,294.26,189.75,131.92,188.97,196.06,215.59,196.51,183.93,221.9,139.89,191.12,268.93,181.53,170.53,184.25,222.74,173.83,187.28,256.3,185.4,197.46,231.9,183.59,198.1,279.03
2010_2,159.23,220.16,168.6,181.87,158.05,256.35,165.45,182.43,248.91,178.71,151.03,178.65,198.55,161.31,140.49,194.74,193.77,178.26,210,186.53,182.35,212.42,114.45,205.35,166.06,165.07,290.26,192.35,131.01,190.18,194.82,212.25,197.42,182.08,215.83,139.06,191.24,270.06,181.9,170.53,181.4,219.77,175.45,186.52,256.07,189.85,197.06,228.69,186.23,198.48,280.44
2010_3,154.3,221.21,161.53,176.68,154.43,251.07,158.19,174.85,247.66,169.98,144.23,172.74,188.35,154.25,135.34,189.13,189.58,172.85,207.87,185.62,176.5,207.91,110.81,198.98,166.49,155.78,287.18,190.1,127.8,187.33,187.42,206.73,190.3,177.86,215.08,130.78,190.15,257.23,174.36,163.58,177.87,218.43,169.73,185.14,249.82,180.8,193.54,223.92,187.12,192.47,274.41
2010_4,152.7,219.98,156.44,175.34,152.38,251.43,158.36,171.69,247.25,168.77,140.31,178.61,183.49,153.66,136.97,192.77,188.54,173.69,207.06,185.84,174.82,207.49,109.98,196.3,164.09,153.91,277.22,186.76,124.63,184.31,184.65,204.09,191.78,177.14,222.3,131.58,190.46,251.49,174.3,163.37,179.06,216.35,169.78,183.02,247.88,184.24,192.66,217.84,187.01,190.48,277.1
2011_1,151.07,225.47,153.96,177.21,150.95,248.42,157.53,168.57,247.42,164.72,138.33,158.82,176.9,150.11,135.84,187.73,184.53,171.88,203.84,181.24,170.91,203.86,107.46,191.27,162.06,150.8,272.52,188.37,119.1,180.67,181.59,199.57,189.97,172.52,221.8,129.32,184.41,244.86,171.68,161.08,170.3,218.09,169.6,182.52,237.97,183.86,190.16,211.52,184.14,187.23,278.44
2011_2,149.64,221.04,151.53,173.13,148.83,244.67,155.79,163.7,253.31,165.37,135.1,169.37,171.71,147.27,133.65,189.84,183.84,171.04,203.68,182.41,168.58,204.38,106.36,190.4,161.84,148.94,281.82,186.93,115,178.86,179.62,191.96,189.99,171.91,224.51,127.24,189.03,238.87,171.14,156.37,168.78,217.02,168.18,180.27,234.62,182.71,189.19,205.45,179.86,185.89,278.47
2011_3,148.19,224.43,151.71,174.84,147.88,247.4,153.44,162.14,261.65,165.62,132.22,173.18,173.11,146.63,134.75,190.78,184.63,171.31,202.99,181.74,168.7,204.6,109,192.2,161.94,150.12,280.88,189.01,113.28,179.08,178.3,195.6,190.48,172.17,227.84,127.75,186.18,242.59,170.73,158.69,169.92,219.07,168.51,181.41,237.4,181.4,190.09,203.18,182.76,185.85,278.81
2011_4,145.43,222.35,156.17,177.8,147.72,247.41,151.26,157.03,261.35,166.35,130.69,165.46,174.6,144.89,135.48,191.52,185.03,171.14,202.52,182.03,167.49,202.48,109.45,192.91,162.05,146.83,284.77,189.66,111.33,177.97,176.15,193.54,189.29,171.85,231.22,127.95,189.76,243.23,169.27,155.57,173.18,222.05,167.43,182.58,237.08,183.34,190.72,200.96,182.17,184.47,275.93
2012_1,148.1,218.53,163.48,177.63,149.26,248.9,150.17,155.2,270.81,169.63,129.78,169.54,178.5,144.94,136.95,193.91,185.68,172.06,203.23,180.1,168.46,202.92,112.07,194.16,162.57,148.3,283.49,191.14,112.26,176.5,175.73,194.14,189.83,171.7,235.73,128.59,187.87,241.83,169.96,153.54,168.39,219.09,168.29,185.18,242.24,184.37,194.26,201.49,192.91,184.94,280.2
2012_2,145.96,222.14,172.95,181.79,153.3,258.05,151.36,157.7,275.75,172.69,131.92,177.07,186.55,144.05,135.79,193.42,187.01,172.22,204.25,178.51,171.91,204.37,113.66,197.28,162.9,149.47,287.42,193.12,119.68,175.21,175.46,196.19,190.53,172,242.15,129.72,190.23,246.69,170.6,152.91,173.89,222.95,169.85,187.44,249.66,183.78,194.99,206.25,185.06,185.67,284.07
2012_3,146.97,226.44,180.94,180.74,158.28,263.6,149.81,160.8,284.03,175.18,134.95,176.41,192.73,142.8,134.68,195.11,190.77,172.04,207.03,179.4,173.17,206.98,115.38,201.25,162.62,150.18,288.71,193.85,124.77,177.13,175.21,198.5,191.06,172.74,246.43,130.28,193.7,255.24,170.43,153.63,173.03,225.36,170.1,189.66,253.86,187.03,196.46,209.98,186.36,186.63,289.21
2012_4,149.44,225.87,188.78,180.89,165.16,268.88,150.63,162.81,291.59,180.06,138.86,183.78,197.06,143.96,135.13,196.72,190.92,173.62,205.72,182,175.02,209.94,119.3,205.5,162.58,152.11,298.06,197.89,131.74,184.05,176.14,197.13,192.42,173.01,252.82,131.58,195.7,256.64,171.89,157.43,172.41,226.54,172.36,192.34,261.67,187.2,198.9,216.47,191.91,188.59,291.29
